,code,changepercent,trade,open,high,low,settlement,volume,turnoverratio
0,000629,10.154,3.58,3.25,3.58,3.03,3.25,266524203,5.59068
1,600033,10.133,4.13,3.5,4.13,3.5,3.75,104238336,3.79822
2,600808,10.13,4.24,3.74,4.24,3.6,3.85,177884911,2.98077
3,000573,10.118,4.68,3.85,4.68,3.85,4.25,48504365,7.79455
4,600010,10.11,5.01,4.55,5.01,4.42,4.55,639604150,4.06304
5,600792,10.11,5.01,4.2,5.01,4.2,4.55,33283155,3.49602
6,600665,10.108,5.12,4.19,5.12,4.19,4.65,41498824,4.80242
7,601880,10.101,5.45,4.96,5.45,4.96,4.95,73340073,2.18053
8,601518,10.099,4.47,3.7,4.47,3.7,4.06,63919628,5.26868
9,601188,10.096,4.58,3.78,4.58,3.76,4.16,39809927,3.2814
10,600311,10.095,5.78,4.73,5.78,4.73,5.25,65694557,9.86998
11,600569,10.095,3.49,2.86,3.49,2.85,3.17,104559958,4.36816
12,601107,10.094,4.69,3.96,4.69,3.96,4.26,50237069,2.3228400000000002
13,601218,10.093,5.89,4.82,5.89,4.82,5.35,78153677,7.8803
14,600210,10.09,4.91,4.1,4.91,4.1,4.46,97283507,6.7711500000000004
15,000682,10.09,4.91,4.16,4.91,4.16,4.46,60861933,6.22295
16,600223,10.088,6.22,5.09,6.22,5.09,5.65,65495737,6.54324
17,000755,10.088,6.22,5.09,6.22,5.09,5.65,38016823,8.10151
18,600877,10.085,6.44,5.27,6.44,5.27,5.85,71170462,10.35535
19,600712,10.084,6.55,5.36,6.55,5.36,5.95,62123671,11.55297
20,000428,10.084,6.55,5.36,6.55,5.36,5.95,49655959,6.90854
21,600354,10.083,6.66,5.45,6.66,5.45,6.05,39215542,8.75734
22,600317,10.082,5.35,4.86,5.35,4.86,4.86,115149831,3.49711
23,600339,10.081,5.46,4.46,5.46,4.46,4.96,41835323,7.23601
24,000789,10.081,6.77,5.81,6.77,5.75,6.15,23298683,3.7986
25,000809,10.081,6.77,5.64,6.77,5.64,6.15,41887221,7.61779
26,600183,10.08,6.88,6.17,6.88,6.17,6.25,32962337,2.31637
27,600275,10.079,5.57,4.55,5.57,4.55,5.06,42342272,8.32138
28,600688,10.078,7.1,5.81,7.1,5.81,6.45,335811705,14.08016
29,600050,10.076,7.21,6.06,7.21,5.9,6.55,865887696,4.08503
30,601678,10.076,7.21,6.44,7.21,6.44,6.55,24514832,2.4762500000000003
31,600794,10.075,5.9,4.82,5.9,4.82,5.36,92388852,9.11839
32,000702,10.075,7.32,5.99,7.32,5.99,6.65,22310677,8.36759
33,600019,10.074,7.43,6.75,7.43,6.3,6.75,282312143,1.71887
34,000488,10.074,7.43,6.75,7.43,6.75,6.75,59182368,5.35569
35,000877,10.073,7.54,6.4,7.54,6.4,6.85,36388889,4.13501
36,600642,10.072,7.65,6.95,7.65,6.5,6.95,134700285,2.95912
37,600971,10.072,6.12,5.49,6.12,5.47,5.56,22523232,2.25231
38,601866,10.072,6.12,5.56,6.12,5.01,5.56,248770659,3.13624
39,002463,10.072,6.12,5.25,6.12,5.25,5.56,62265126,3.72181
40,600095,10.071,7.76,6.35,7.76,6.35,7.05,43136023,11.94032
41,600377,10.071,7.76,6.6,7.76,6.6,7.05,29470506,0.77595
42,600782,10.07,4.7,4.05,4.7,4.05,4.27,25972343,1.86389
43,300080,10.07,7.87,6.81,7.87,6.81,7.15,37391191,10.39638
44,600375,10.069,7.98,6.53,7.98,6.53,7.25,90289972,16.99603
45,601668,10.069,7.98,7.25,7.98,7.25,7.25,985015826,3.29953
46,000652,10.069,6.34,5.69,6.34,5.6,5.76,57899818,3.9504
47,000825,10.069,4.81,4.37,4.81,4.11,4.37,150472578,2.64173
48,000965,10.069,6.34,5.18,6.34,5.18,5.76,73072197,7.24249
49,600248,10.068,8.09,6.66,8.09,6.66,7.35,17513493,3.74709
50,002307,10.068,8.09,6.77,8.09,6.77,7.35,27723986,4.9745800000000004
51,600802,10.067,6.56,5.42,6.56,5.42,5.96,24821582,6.49995
52,000404,10.066,6.67,5.52,6.67,5.51,6.06,52110259,10.53325
53,600403,10.065,6.78,6.16,6.78,6.16,6.16,15255307,0.6380800000000001
54,600662,10.065,8.42,6.89,8.42,6.89,7.65,77064874,7.31609
55,600684,10.065,8.42,6.89,8.42,6.89,7.65,87376938,12.28555
56,002046,10.064,8.64,7.63,8.64,7.48,7.85,15947752,4.68272
57,002452,10.064,6.89,6.01,6.89,6.0,6.26,15746881,5.13999
58,601588,10.063,5.25,4.29,5.25,4.29,4.77,116884528,4.39416
59,000537,10.063,7.0,5.73,7.0,5.73,6.36,47185856,9.20316
60,300102,10.063,7.0,6.12,7.0,6.12,6.36,22925096,6.52898
61,600082,10.062,5.36,4.65,5.36,4.44,4.87,44817479,7.11401
62,600235,10.062,7.11,5.85,7.11,5.85,6.46,28411830,8.08763
63,600731,10.062,7.11,5.81,7.11,5.81,6.46,21176041,8.28311
64,300092,10.062,8.86,7.52,8.86,7.43,8.05,9103078,5.98878
65,600361,10.061,7.22,6.21,7.22,6.21,6.56,26013904,3.90712
66,600497,10.061,9.08,8.25,9.08,8.01,8.25,62190474,3.72943
67,000541,10.061,8.97,8.15,8.97,8.15,8.15,52461177,5.38135
68,000635,10.061,9.08,8.3,9.08,8.3,8.25,11378046,3.7540500000000003
69,000736,10.061,9.08,7.43,9.08,7.43,8.25,9414027,6.78568
70,600230,10.06,9.19,7.52,9.19,7.52,8.35,22047672,7.49441
71,600236,10.06,7.33,5.99,7.33,5.99,6.66,77229881,6.84342
72,600505,10.06,7.33,5.99,7.33,5.99,6.66,23170522,6.35562
73,000899,10.06,9.19,7.52,9.19,7.52,8.35,25920054,4.66875
74,600740,10.059,5.58,4.64,5.58,4.64,5.07,45090214,6.86479
75,600780,10.059,7.44,6.6,7.44,6.6,6.76,18257252,1.59243
76,601005,10.059,3.72,3.27,3.72,3.26,3.38,145510045,7.65152
77,601010,10.059,7.44,6.76,7.44,6.76,6.76,69444066,3.7578
78,601669,10.059,9.3,8.45,9.3,7.62,8.45,340464699,10.31711
79,000767,10.059,5.58,4.56,5.58,4.56,5.07,126619297,8.04588
80,600550,10.058,7.55,6.41,7.55,6.41,6.86,39460355,2.87404
81,601339,10.058,5.69,5.2,5.69,5.19,5.17,35692021,2.37947
82,000402,10.058,9.52,8.65,9.52,8.5,8.65,129349841,4.3319
83,000905,10.058,9.52,7.79,9.52,7.79,8.65,30575432,5.75809
84,300265,10.058,9.41,8.4,9.41,8.15,8.55,11351249,3.36333
85,600854,10.057,5.8,5.2,5.8,5.18,5.27,27331172,5.26147
86,603002,10.057,7.66,6.81,7.66,6.81,6.96,17314186,4.32855
87,000037,10.057,7.77,6.35,7.77,6.35,7.06,33676375,9.93715
88,000498,10.057,5.8,4.74,5.8,4.74,5.27,41794993,11.80082
89,000597,10.057,7.66,6.93,7.66,6.81,6.96,17503552,5.27592
90,300061,10.057,9.63,8.21,9.63,8.09,8.75,9165999,6.43002
91,600023,10.056,7.88,7.16,7.88,6.51,7.16,269252526,10.54132
92,000029,10.056,7.88,6.44,7.88,6.44,7.16,42105341,4.72213
93,601618,10.055,6.02,5.47,6.02,5.15,5.47,401706644,2.47372
94,000851,10.055,10.07,8.24,10.07,8.24,9.15,72448031,14.94366
95,600573,10.054,8.1,6.72,8.1,6.72,7.36,12054785,4.82191
96,000006,10.054,10.18,8.95,10.18,8.93,9.25,62145185,4.64152
97,002136,10.054,8.21,7.5,8.21,7.46,7.46,9162709,4.29776
98,600386,10.053,10.4,9.02,10.4,9.02,9.45,22319714,5.53564
99,600449,10.053,8.32,7.51,8.32,7.51,7.56,20936568,4.37838
100,601558,10.053,6.24,5.1,6.24,5.1,5.67,69367395,11.00022
101,000045,10.053,10.4,8.51,10.4,8.51,9.45,32811137,8.09025
102,002134,10.053,10.4,8.99,10.4,8.9,9.45,6717631,2.73241
103,601000,10.052,8.43,7.42,8.43,7.42,7.66,44402323,2.18693
104,601001,10.052,6.35,5.77,6.35,5.77,5.77,29553906,1.76578
105,601099,10.052,10.51,8.6,10.51,8.6,9.55,416923632,12.613150000000001
106,601106,10.052,8.43,7.49,8.43,6.9,7.66,294791292,4.50889
107,601116,10.052,8.43,7.0,8.43,7.0,7.66,12885601,3.13702
108,601996,10.052,8.43,6.89,8.43,6.89,7.66,56693022,12.09033
109,600189,10.051,10.73,8.78,10.73,8.78,9.75,31279215,10.07382
110,600708,10.051,8.65,7.11,8.65,7.1,7.86,29597765,5.82195
111,600874,10.051,8.65,7.87,8.65,7.87,7.86,22627549,2.08121
112,000099,10.051,10.73,9.99,10.73,9.96,9.75,18928008,3.1230700000000002
113,600011,10.05,11.06,10.05,11.06,9.36,10.05,174786489,1.66463
114,600618,10.05,8.76,7.96,8.76,7.96,7.96,7509124,1.00143
115,601018,10.05,6.57,5.97,6.57,5.45,5.97,245147258,1.91521
116,002300,10.05,8.87,7.8,8.87,7.5,8.06,9498848,2.10053
117,600112,10.049,11.28,9.9,11.28,9.71,10.25,45515301,8.93851
118,600460,10.049,6.68,5.97,6.68,5.96,6.07,40489561,3.24652
119,601798,10.049,11.17,9.81,11.17,9.78,10.15,10329443,2.91357
120,300129,10.049,6.68,5.97,6.68,5.8,6.07,31366948,6.7632200000000005
121,600529,10.048,11.39,10.35,11.39,10.35,10.35,15955117,6.19905
122,000823,10.048,9.2,8.35,9.2,8.35,8.36,22832560,4.25288
123,300240,10.048,11.5,10.49,11.5,10.05,10.45,13056999,5.35834
124,600533,10.047,4.71,3.95,4.71,3.95,4.28,48344364,4.60423
125,000930,10.047,11.61,10.0,11.61,9.81,10.55,81538185,8.45471
126,600116,10.046,12.05,9.86,12.05,9.86,10.95,22868359,8.54786
127,600152,10.046,7.12,5.83,7.12,5.83,6.47,23258170,7.92458
128,601002,10.046,9.53,8.26,9.53,8.26,8.66,34305229,4.64545
129,000953,10.046,7.23,5.91,7.23,5.91,6.57,28640934,9.74044
130,601968,10.045,9.75,7.97,9.75,7.97,8.86,76188352,36.57041
131,000159,10.045,7.34,6.17,7.34,6.05,6.67,30571118,6.3539
132,000421,10.045,9.86,8.06,9.86,8.06,8.96,29310285,8.33457
133,000909,10.045,9.86,8.08,9.86,8.08,8.96,21664314,7.36881
134,002072,10.045,12.16,10.9,12.16,10.81,11.05,21434792,12.18117
135,002419,10.045,12.27,11.15,12.27,11.15,11.15,9683977,1.21019
136,600396,10.044,7.45,6.09,7.45,6.09,6.77,80658261,9.92351
137,601179,10.044,7.45,6.77,7.45,6.16,6.77,158114586,3.6289800000000003
138,002163,10.044,7.56,6.38,7.56,6.38,6.87,29285697,4.28739
139,002237,10.044,10.08,9.16,10.08,9.16,9.16,34431640,4.28201
140,002457,10.044,9.97,9.0,9.97,8.6,9.06,27947665,10.77196
141,000559,10.043,12.82,10.49,12.82,10.49,11.65,147201599,6.4283
142,002628,10.043,5.15,4.54,5.15,4.51,4.68,51396841,7.83755
143,300335,10.043,12.82,11.02,12.82,10.99,11.65,12312787,7.38498
144,600744,10.042,7.89,6.45,7.89,6.45,7.17,93500006,19.70975
145,600748,10.042,10.52,9.21,10.52,9.21,9.56,15299031,1.4121700000000001
146,601208,10.042,7.89,7.05,7.89,7.05,7.17,16872466,2.7401
147,600426,10.041,13.48,12.28,13.48,12.13,12.25,49675256,5.2091
148,000758,10.041,13.37,11.51,13.37,11.51,12.15,42911899,4.75973
149,000920,10.041,13.26,10.85,13.26,10.85,12.05,26731740,6.33454
150,000921,10.041,10.74,9.13,10.74,9.13,9.76,16606251,1.84162
151,600115,10.04,8.33,6.81,8.33,6.81,7.57,423351251,5.43998
152,600548,10.04,8.33,6.81,8.33,6.81,7.57,47531808,3.31632
153,600660,10.04,13.59,12.35,13.59,11.7,12.35,62586923,3.12468
154,002385,10.04,13.7,12.45,13.7,12.16,12.45,80635468,5.53
155,002434,10.04,13.59,11.5,13.59,11.3,12.35,11642430,2.34352
156,002039,10.039,14.14,12.8,14.14,12.7,12.85,11748887,3.84737
157,002222,10.039,11.4,10.5,11.4,10.35,10.36,18165482,6.57894
158,002469,10.039,14.03,12.0,14.03,12.0,12.75,18373935,7.29162
159,002700,10.039,11.29,10.0,11.29,9.5,10.26,8595334,4.99279
160,300327,10.039,14.14,12.7,14.14,12.7,12.85,4221563,2.47834
161,600070,10.038,11.73,9.59,11.73,9.59,10.66,32585076,9.13738
162,600429,10.038,8.77,7.97,8.77,7.97,7.97,17009483,1.92198
163,600881,10.038,8.66,7.08,8.66,7.08,7.87,352030630,18.57944
164,600889,10.038,8.66,7.08,8.66,7.08,7.87,23918713,7.78935
165,000791,10.038,8.77,7.17,8.77,7.17,7.97,11908448,10.37519
166,002128,10.038,11.73,10.66,11.73,10.66,10.66,25651110,1.93348
167,300175,10.038,8.77,7.76,8.77,7.76,7.97,23223701,4.996560000000001
168,600166,10.037,5.92,5.38,5.92,5.38,5.38,120593090,4.29207
169,000409,10.037,8.88,7.26,8.88,7.26,8.07,43051222,14.4395
170,000898,10.037,5.92,5.38,5.92,5.38,5.38,93439928,1.5196100000000001
171,000919,10.037,14.91,13.4,14.91,13.12,13.55,13702548,4.97752
172,002059,10.037,8.99,8.0,8.99,7.8,8.17,8054290,1.72493
173,002391,10.037,15.02,13.05,15.02,13.02,13.65,11240992,5.26982
174,600004,10.036,12.39,11.35,12.39,11.35,11.26,17596791,1.53016
175,600327,10.036,9.1,7.98,9.1,7.98,8.27,38379414,7.35644
176,600630,10.036,9.21,7.93,9.21,7.91,8.37,29697360,6.98989
177,600724,10.036,6.03,4.93,6.03,4.93,5.48,34406329,2.38116
178,600815,10.036,12.39,10.13,12.39,10.13,11.26,86944548,9.06645
179,600853,10.036,6.03,4.93,6.03,4.93,5.48,44573991,8.30353
180,601999,10.036,9.21,7.92,9.21,7.92,8.37,11969681,2.1726900000000002
181,000572,10.036,6.14,5.32,6.14,5.32,5.58,56611687,3.4474
182,000617,10.036,9.1,7.44,9.1,7.44,8.27,17382499,6.04526
183,002493,10.036,15.24,12.8,15.24,12.8,13.85,7512639,0.7372000000000001
184,600617,10.035,15.79,14.36,15.79,14.35,14.35,14559523,6.45707
185,600761,10.035,12.5,11.36,12.5,11.36,11.36,15187790,2.46228
186,000012,10.035,12.61,11.47,12.61,11.47,11.46,56774581,4.35799
187,000751,10.035,6.36,5.2,6.36,5.2,5.78,149067795,10.57337
188,000848,10.035,15.79,14.37,15.79,14.35,14.35,28567407,3.79652
189,000880,10.035,12.61,10.31,12.61,10.31,11.46,19167920,14.18427
190,000923,10.035,15.79,12.92,15.79,12.92,14.35,32073548,16.19884
191,002017,10.035,12.72,11.25,12.72,11.25,11.56,15524274,4.56856
192,002386,10.035,6.36,5.52,6.36,5.52,5.78,25173371,3.74798
193,002389,10.035,12.5,11.25,12.5,11.25,11.36,25826360,9.95736
194,300330,10.035,12.72,10.9,12.72,10.9,11.56,9241742,5.58412
195,600249,10.034,6.47,5.41,6.47,5.41,5.88,24890880,5.53131
196,600279,10.034,9.76,7.98,9.76,7.98,8.87,21225155,6.20451
197,600508,10.034,9.76,8.21,9.76,8.21,8.87,22051224,3.05115
198,600980,10.034,16.34,13.37,16.34,13.37,14.85,15496758,11.92058
199,603606,10.034,16.23,13.28,16.23,13.28,14.75,8078916,11.71367
200,000678,10.034,6.47,5.31,6.47,5.31,5.88,21310691,7.07817
201,002484,10.034,16.12,13.6,16.12,13.6,14.65,7497209,2.46146
202,300138,10.034,12.83,10.9,12.83,10.81,11.66,7588284,5.54995
203,600640,10.033,16.89,14.19,16.89,14.19,15.35,9588523,1.7910300000000001
204,600655,10.033,13.27,12.15,13.27,12.15,12.06,39857340,2.7730300000000003
205,600698,10.033,6.69,5.47,6.69,5.47,6.08,66617755,15.48548
206,601238,10.033,13.49,11.03,13.49,11.03,12.26,34703065,0.82201
207,603969,10.033,13.49,11.03,13.49,11.03,12.26,10169997,10.17
208,002765,10.033,16.67,13.65,16.67,13.65,15.15,12196293,23.45441
209,300277,10.033,16.78,14.04,16.78,14.01,15.25,3327402,6.2895900000000005
210,300480,10.033,16.89,16.89,16.89,16.89,15.35,286713,1.24658
211,601717,10.032,6.8,6.0,6.8,5.99,6.18,60274780,4.37443
212,000026,10.032,10.42,8.52,10.42,8.52,9.47,33674017,10.82522
213,600583,10.031,10.75,9.77,10.75,9.1,9.77,183552842,4.53327
214,600785,10.031,17.99,16.3,17.99,16.28,16.35,5347297,2.5778600000000003
215,600917,10.031,10.53,9.57,10.53,9.57,9.57,11073955,7.09869
216,000166,10.031,14.26,12.96,14.26,12.11,12.96,223341380,6.86216
217,002168,10.031,10.53,9.2,10.53,9.2,9.57,56829421,7.65033
218,002691,10.031,14.04,12.02,14.04,11.88,12.76,5973783,9.03889
219,600056,10.03,14.7,12.6,14.7,12.6,13.36,31649326,3.22228
220,600270,10.03,18.54,16.45,18.54,16.45,16.85,14554338,1.60736
221,600288,10.03,14.59,12.01,14.59,12.01,13.26,57595371,13.18575
222,000796,10.03,14.81,12.11,14.81,12.11,13.46,27141936,11.0099
223,600633,10.029,14.92,13.56,14.92,12.95,13.56,43202065,3.80946
224,601015,10.029,11.3,9.24,11.3,9.24,10.27,12501093,10.41758
225,601677,10.029,11.52,9.43,11.52,9.43,10.47,11200990,2.79326
226,601801,10.029,19.2,17.58,19.2,17.45,17.45,9784087,1.07517
227,603223,10.029,19.09,15.65,19.09,15.65,17.35,6895769,22.9859
228,000019,10.029,11.41,9.33,11.41,9.33,10.37,19295681,7.64936
229,000603,10.029,15.14,12.8,15.14,12.8,13.76,15370243,3.48713
230,000631,10.029,7.57,6.89,7.57,6.88,6.88,41465071,2.83287
231,002273,10.029,19.09,16.7,19.09,16.67,17.35,18980150,5.47814
232,002365,10.029,15.14,13.0,15.14,13.0,13.76,11419525,7.81386
233,002507,10.029,18.87,16.9,18.87,16.25,17.15,4966933,3.07994
234,600261,10.028,7.9,6.96,7.9,6.96,7.18,39221263,2.701
235,600755,10.028,7.9,7.0,7.9,7.0,7.18,60671265,3.64508
236,600800,10.028,7.79,6.37,7.79,6.37,7.08,64126007,10.5071
237,600831,10.028,11.85,10.55,11.85,10.55,10.77,26169752,4.64465
238,000548,10.028,7.9,6.46,7.9,6.46,7.18,52315803,10.47991
239,000666,10.028,11.74,9.6,11.74,9.6,10.67,48322501,16.46486
240,000695,10.028,15.47,12.65,15.47,12.65,14.06,32020218,14.44165
241,000729,10.028,7.79,7.08,7.79,7.08,7.08,57002550,2.27162
242,000998,10.028,19.97,18.2,19.97,18.2,18.15,33020714,3.97248
243,002724,10.028,19.86,17.1,19.86,16.98,18.05,4988910,9.97782
244,600309,10.027,20.3,18.45,20.3,16.9,18.45,54254627,2.50908
245,600843,10.027,12.18,9.96,12.18,9.96,11.07,21455599,7.0428
246,600959,10.027,20.19,16.52,20.19,16.52,18.35,89984616,15.0728
247,601098,10.027,20.41,18.55,20.41,16.75,18.55,24851398,1.38371
248,601958,10.027,8.23,7.48,8.23,6.96,7.48,65587863,2.03272
249,603085,10.027,20.41,18.0,20.41,17.6,18.55,4584696,18.33878
250,000030,10.027,12.07,10.97,12.07,10.97,10.97,32767683,5.84551
251,000411,10.027,20.74,16.97,20.74,16.97,18.85,13913446,6.8324300000000004
252,000686,10.027,16.57,13.65,16.57,13.65,15.06,116870521,6.91754
253,002073,10.027,16.13,14.3,16.13,14.0,14.66,40797101,6.54969
254,002140,10.027,20.52,18.65,20.52,18.65,18.65,8374582,1.91599
255,002198,10.027,8.23,6.83,8.23,6.83,7.48,26907921,7.18914
256,002459,10.027,16.46,13.5,16.46,13.46,14.96,11145206,5.80999
257,600184,10.026,16.9,15.39,16.9,15.18,15.36,10924671,2.60881
258,600581,10.026,8.56,7.0,8.56,7.0,7.78,117920956,15.38536
259,600805,10.026,12.51,10.3,12.51,10.3,11.37,39853853,4.69309
260,000637,10.026,8.34,6.82,8.34,6.82,7.58,42916262,11.71022
261,000900,10.026,8.34,7.45,8.34,7.37,7.58,42312157,4.18414
262,002658,10.026,21.4,19.0,21.4,18.66,19.45,18776681,6.60315
263,300283,10.026,8.45,7.3,8.45,7.3,7.68,9302309,7.30069
264,000528,10.025,8.78,8.0,8.78,8.0,7.98,47038073,4.18083
265,000713,10.025,8.67,7.8,8.67,7.8,7.88,21048689,7.04267
266,000722,10.025,13.28,10.86,13.28,10.86,12.07,48518995,10.45318
267,002242,10.025,17.34,14.25,17.34,14.25,15.76,17156519,2.25462
268,002490,10.025,8.89,8.08,8.89,8.08,8.08,17598537,6.20834
269,300223,10.025,21.62,19.3,21.62,19.3,19.65,3724883,3.82615
270,600161,10.024,22.5,20.68,22.5,20.45,20.45,19021126,3.69008
271,600262,10.024,22.72,18.59,22.72,18.59,20.65,11584637,6.81449
272,600421,10.024,9.22,7.54,9.22,7.54,8.38,15714285,8.03389
273,600517,10.024,9.33,8.32,9.33,8.32,8.48,37330472,3.35203
274,600622,10.024,9.0,7.36,9.0,7.36,8.18,42988664,8.35861
275,600629,10.024,18.11,14.82,18.11,14.82,16.46,11530362,3.31332
276,600729,10.024,23.16,20.87,23.16,20.67,21.05,15183024,4.07804
277,601390,10.024,13.61,11.8,13.61,11.5,12.37,532130953,3.1132400000000002
278,603169,10.024,13.83,12.57,13.83,12.57,12.57,15361780,9.60111
279,002155,10.024,9.0,8.18,9.0,8.18,8.18,43852125,4.40247
280,002293,10.024,18.11,16.47,18.11,16.47,16.46,21442998,3.05536
281,002376,10.024,13.72,11.9,13.72,11.9,12.47,37285136,6.78555
282,002641,10.024,9.33,8.3,9.33,8.07,8.48,18668883,2.72865
283,600389,10.023,19.32,17.41,19.32,17.2,17.56,3367149,1.70058
284,600428,10.023,9.66,7.94,9.66,7.94,8.78,79534465,4.70494
285,600521,10.023,23.93,19.58,23.93,19.58,21.75,63001753,8.03844
286,600613,10.023,14.16,11.58,14.16,11.58,12.87,10550241,5.95285
287,600774,10.023,19.21,15.71,19.21,15.71,17.46,14393671,8.25188
288,000639,10.023,14.16,11.58,14.16,11.58,12.87,38007060,10.09093
289,000750,10.023,14.16,12.87,14.16,11.58,12.87,149684097,7.41668
290,000838,10.023,14.05,11.49,14.05,11.49,12.77,15620176,8.62994
291,002249,10.023,9.66,8.78,9.66,8.78,8.78,33489417,3.6989900000000002
292,002396,10.023,18.77,16.0,18.77,16.0,17.06,28180219,5.35145
293,002444,10.023,14.49,13.17,14.49,13.17,13.17,27012655,3.08856
294,002446,10.023,23.71,21.5,23.71,20.6,21.55,11550342,7.63329
295,300210,10.023,14.27,12.6,14.27,12.58,12.97,7525033,6.84767
296,300256,10.023,14.49,12.28,14.49,12.28,13.17,10556956,8.37748
297,600085,10.022,24.81,22.55,24.81,20.55,22.55,40902755,2.9824
298,600704,10.022,14.82,13.48,14.82,13.25,13.47,34396647,4.35117
299,600707,10.022,10.21,8.35,10.21,8.35,9.28,122711354,16.70184
300,600841,10.022,9.99,8.52,9.99,8.5,9.08,8437698,1.6167500000000001
301,600897,10.022,19.87,16.3,19.87,16.3,18.06,10922939,3.66775
302,000100,10.022,4.94,4.49,4.94,4.11,4.49,750883109,8.3474
303,000876,10.022,15.15,13.79,15.15,13.78,13.77,47675980,2.75854
304,002510,10.022,9.88,8.62,9.88,8.62,8.98,17017099,5.52348
305,600037,10.021,21.3,19.36,21.3,19.1,19.36,41559652,3.5571200000000003
306,600048,10.021,10.32,9.38,10.32,8.98,9.38,411074493,3.82299
307,600898,10.021,10.32,8.44,10.32,8.44,9.38,27532252,10.90283
308,000803,10.021,15.37,12.57,15.37,12.57,13.97,28599917,29.27537
309,002051,10.021,21.3,19.36,21.3,18.36,19.36,20466894,2.67704
310,002351,10.021,20.86,17.26,20.86,17.26,18.96,10714880,8.00391
311,002482,10.021,21.41,19.46,21.41,19.46,19.46,12959340,2.70112
312,002646,10.021,21.3,19.36,21.3,19.36,19.36,16915320,3.75896
313,300307,10.021,10.54,9.55,10.54,9.55,9.58,18511494,2.32732
314,600063,10.02,5.6,4.58,5.6,4.58,5.09,173747706,11.59978
315,600128,10.02,10.98,8.98,10.98,8.98,9.98,21415435,8.67839
316,600169,10.02,5.6,4.9,5.6,4.88,5.09,97247408,4.01193
317,600678,10.02,11.09,9.21,11.09,9.21,10.08,22564541,6.46567
318,600979,10.02,5.49,4.93,5.49,4.93,4.99,40086068,5.58386
319,601006,10.02,11.09,10.08,11.09,9.58,10.08,328969226,2.21278
320,603126,10.02,10.76,8.8,10.76,8.8,9.78,12306761,10.25563
321,000897,10.02,5.6,5.04,5.6,4.95,5.09,91053258,5.63058
322,002154,10.02,5.49,5.0,5.49,5.0,4.99,95469405,8.92479
323,002313,10.02,11.2,9.6,11.2,9.6,10.18,22471349,9.56329
324,002725,10.02,16.47,14.19,16.47,14.02,14.97,5153351,9.73065
325,300173,10.02,11.09,9.9,11.09,9.85,10.08,17075445,6.98418
326,600007,10.019,11.86,10.67,11.86,10.67,10.78,10565592,1.04892
327,600017,10.019,5.93,5.32,5.93,5.32,5.39,84046078,2.73262
328,600323,10.019,11.86,10.3,11.86,10.3,10.78,22539457,4.61947
329,600329,10.019,17.57,15.97,17.57,15.5,15.97,22097620,4.12112
330,600332,10.019,28.55,25.95,28.55,24.01,25.95,39190939,3.78167
331,600469,10.019,11.64,10.2,11.64,10.2,10.58,14005707,3.73543
332,600628,10.019,11.42,10.4,11.42,10.4,10.38,22889757,4.30421
333,600636,10.019,11.86,9.81,11.86,9.81,10.78,23143217,6.05922
334,600647,10.019,17.68,14.49,17.68,14.46,16.07,8820319,6.33901
335,000157,10.019,5.93,5.39,5.93,5.0,5.39,321708108,5.13829
336,000554,10.019,11.53,9.43,11.53,9.43,10.48,116390078,32.09435
337,000584,10.019,11.64,9.52,11.64,9.52,10.58,82080874,13.44224
338,000868,10.019,5.93,4.85,5.93,4.85,5.39,50266404,7.22674
339,002033,10.019,11.64,10.4,11.64,10.4,10.58,21103732,4.99278
340,002144,10.019,23.06,20.3,23.06,20.3,20.96,9906267,7.81219
341,002478,10.019,11.31,10.32,11.31,10.02,10.28,15083086,5.38445
342,002766,10.019,23.39,19.13,23.39,19.13,21.26,16099112,35.1509
343,300107,10.019,5.71,4.9,5.71,4.9,5.19,22996402,6.81959
344,300230,10.019,11.75,10.5,11.75,10.34,10.68,7513739,7.10936
345,300476,10.019,29.43,28.5,29.43,27.8,26.75,4708614,12.84051
346,600081,10.018,12.52,10.65,12.52,10.65,11.38,17322409,5.52443
347,600138,10.018,18.23,16.65,18.23,16.01,16.57,22144007,3.15119
348,600435,10.018,30.53,27.0,30.53,27.0,27.75,16389507,2.20094
349,600458,10.018,18.67,15.65,18.67,15.65,16.97,29340664,4.436
350,600650,10.018,12.41,10.3,12.41,10.3,11.28,13930041,3.56668
351,600717,10.018,11.97,10.88,11.97,9.97,10.88,66074395,3.9452800000000003
352,600983,10.018,12.3,11.2,12.3,11.2,11.18,6671997,1.25225
353,601069,10.018,12.41,10.55,12.41,10.55,11.28,11244911,8.92453
354,601607,10.018,18.01,16.37,18.01,15.88,16.37,65572749,3.41003
355,000025,10.018,12.08,9.88,12.08,9.88,10.98,10029356,5.59379
356,000582,10.018,18.23,16.9,18.23,16.57,16.57,5839781,4.11081
357,002188,10.018,18.56,15.3,18.56,15.3,16.87,10381865,6.98029
358,002681,10.018,30.75,27.95,30.75,27.95,27.95,15804101,7.55192
359,002692,10.018,18.34,15.91,18.34,15.67,16.67,6361943,5.8947400000000005
360,002738,10.018,30.09,24.62,30.09,24.62,27.35,4441445,14.80482
361,300455,10.018,30.75,28.0,30.75,28.0,27.95,4053710,11.58203
362,600100,10.017,12.63,11.65,12.63,11.58,11.48,155248587,7.4992
363,600267,10.017,12.74,11.7,12.74,11.7,11.58,14045663,1.6726800000000002
364,600810,10.017,6.59,5.51,6.59,5.51,5.99,18353834,4.14982
365,603268,10.017,25.59,23.23,25.59,22.44,23.26,2346233,10.6647
366,603838,10.017,19.0,15.54,19.0,15.54,17.27,12797132,38.38372
367,000596,10.017,31.85,29.0,31.85,28.95,28.95,6337549,1.65213
368,000816,10.017,6.59,5.95,6.59,5.95,5.99,67084664,6.16147
369,002462,10.017,32.62,26.69,32.62,26.69,29.65,8567555,4.38131
370,002623,10.017,26.25,23.1,26.25,23.1,23.86,7142404,4.464
371,002768,10.017,32.84,26.87,32.84,26.87,29.85,8582681,42.91341
372,300125,10.017,25.15,20.68,25.15,20.68,22.86,6174052,7.94603
373,300267,10.017,26.47,24.07,26.47,24.06,24.06,14537663,2.57454
374,600150,10.016,33.83,30.75,33.83,28.5,30.75,49788225,3.6127700000000003
375,600760,10.016,13.62,11.14,13.62,11.14,12.38,88140090,25.55227
376,600764,10.016,13.51,11.05,13.51,11.05,12.28,18546629,5.62484
377,600850,10.016,34.27,32.0,34.27,32.0,31.15,4304452,2.51676
378,600986,10.016,27.35,22.37,27.35,22.37,24.86,55988860,16.69965
379,603599,10.016,34.93,30.0,34.93,30.0,31.75,4829824,10.26312
380,603669,10.016,26.69,22.1,26.69,22.1,24.26,9094561,13.99163
381,603698,10.016,27.13,24.7,27.13,24.7,24.66,6641720,8.07013
382,603899,10.016,34.82,31.66,34.82,31.65,31.65,3249624,5.41604
383,000776,10.016,20.1,18.27,20.1,16.49,18.27,188019722,3.17639
384,000958,10.016,20.76,16.98,20.76,16.98,18.87,30036143,11.99145
385,002393,10.016,35.15,31.96,35.15,31.96,31.95,4783192,2.63307
386,300039,10.016,13.4,12.23,13.4,12.22,12.18,24772555,4.04867
387,300388,10.016,20.43,18.1,20.43,17.66,18.57,7865340,11.88477
388,300441,10.016,34.71,30.21,34.71,30.21,31.55,2302724,10.90305
389,600062,10.015,21.75,20.07,21.75,20.07,19.77,18040037,3.15553
390,600373,10.015,22.63,18.51,22.63,18.51,20.57,47278944,3.98749
391,600448,10.015,7.25,5.93,7.25,5.93,6.59,60330857,15.10561
392,600556,10.015,14.5,11.86,14.5,11.86,13.18,49797345,12.61351
393,600803,10.015,14.28,12.98,14.28,12.98,12.98,7405293,1.37257
394,601101,10.015,7.47,6.9,7.47,6.78,6.79,18222315,1.5185300000000002
395,601898,10.015,7.58,6.89,7.58,6.21,6.89,197641461,2.15954
396,000018,10.015,21.42,17.52,21.42,17.52,19.47,12517786,12.55288
397,000759,10.015,7.58,6.38,7.58,6.38,6.89,14804189,2.17522
398,000985,10.015,15.05,12.31,15.05,12.31,13.68,7573571,5.84202
399,000993,10.015,7.58,6.2,7.58,6.2,6.89,19340104,5.18501
400,002152,10.015,28.89,25.5,28.89,23.63,26.26,27751788,3.21557
401,002311,10.015,14.39,13.08,14.39,13.08,13.08,18841739,1.24316
402,002372,10.015,15.05,12.4,15.05,12.4,13.68,12037790,2.37195
403,002420,10.015,7.58,6.51,7.58,6.51,6.89,16082367,4.25658
404,002735,10.015,29.33,25.05,29.33,25.05,26.66,1920871,9.60436
405,300115,10.015,37.68,34.25,37.68,32.68,34.25,29079972,5.66664
406,300382,10.015,36.14,29.7,36.14,29.7,32.85,2662620,8.40517
407,600196,10.014,24.06,21.5,24.06,20.12,21.87,73529772,3.85859
408,600600,10.014,39.22,35.65,39.22,35.6,35.65,17608528,2.53027
409,600639,10.014,15.49,14.16,15.49,14.08,14.08,12043271,1.83405
410,600976,10.014,24.17,21.83,24.17,21.62,21.97,7996756,5.21883
411,600999,10.014,24.28,22.07,24.28,20.01,22.07,148676831,3.09543
412,000561,10.014,8.13,6.65,8.13,6.65,7.39,23095334,3.88819
413,000756,10.014,8.13,6.68,8.13,6.68,7.39,13611174,4.42909
414,002190,10.014,32.08,27.26,32.08,27.26,29.16,14343352,4.15522
415,002244,10.014,15.49,14.1,15.49,14.08,14.08,28664594,2.4975
416,002267,10.014,15.6,14.18,15.6,14.18,14.18,19028804,1.8713700000000002
417,002352,10.014,30.43,25.6,30.43,25.6,27.66,2135432,5.24443
418,002759,10.014,39.11,32.15,39.11,32.0,35.55,11089013,46.20422
419,002771,10.014,39.44,34.7,39.44,34.6,35.85,2896477,14.48239
420,300368,10.014,15.93,13.32,15.93,13.32,14.48,9220935,12.04981
421,300413,10.014,30.65,26.1,30.65,26.1,27.86,11044589,15.77798
422,600008,10.013,8.57,7.79,8.57,7.72,7.79,91920942,4.17822
423,600018,10.013,8.35,7.56,8.35,7.21,7.59,293299094,1.2889300000000001
424,600218,10.013,8.35,6.87,8.35,6.87,7.59,17530329,6.18572
425,600268,10.013,8.57,7.01,8.57,7.01,7.79,46657344,7.34476
426,600811,10.013,8.68,7.36,8.68,7.36,7.89,62393936,3.74332
427,600835,10.013,24.72,22.47,24.72,22.47,22.47,17183616,2.13063
428,603023,10.013,34.17,30.9,34.17,30.5,31.06,2449861,12.24931
429,603116,10.013,33.62,27.5,33.62,27.5,30.56,22147829,37.66638
430,000049,10.013,41.97,37.5,41.97,37.5,38.15,5935109,2.89174
431,000989,10.013,25.49,20.85,25.49,20.85,23.17,21179208,7.11654
432,002026,10.013,8.79,7.5,8.79,7.5,7.99,10609673,2.99595
433,002048,10.013,17.14,15.09,17.14,15.09,15.58,22564898,4.90519
434,002189,10.013,17.58,14.88,17.58,14.88,15.98,10498140,5.28806
435,002617,10.013,34.61,28.31,34.61,28.31,31.46,8358535,11.35131
436,002705,10.013,16.59,15.08,16.59,15.08,15.08,7531732,6.88594
437,300341,10.013,17.58,15.12,17.58,15.12,15.98,5978717,8.20502
438,300354,10.013,24.61,20.4,24.61,20.2,22.37,2003739,4.47561
439,300461,10.013,32.96,29.07,32.96,28.94,29.96,1975990,11.84646
440,600168,10.012,9.34,8.48,9.34,8.48,8.49,21507088,3.78059
441,600543,10.012,9.01,7.37,9.01,7.37,8.19,37747162,11.75485
442,600751,10.012,9.45,7.73,9.45,7.73,8.59,43127357,11.11129
443,600887,10.012,18.13,16.7,18.13,16.05,16.48,259504174,4.31382
444,601918,10.012,9.01,7.37,9.01,7.37,8.19,367278332,14.17766
445,603315,10.012,36.04,29.48,36.04,29.48,32.76,5265952,21.06381
446,000529,10.012,9.34,7.64,9.34,7.64,8.49,28048850,4.9451600000000004
447,000626,10.012,46.59,38.12,46.59,38.12,42.35,23941300,11.8347
448,000633,10.012,9.34,7.88,9.34,7.88,8.49,19012085,4.93684
449,002013,10.012,17.91,14.8,17.91,14.77,16.28,23125111,6.06801
450,002095,10.012,37.36,35.29,37.36,34.53,33.96,9591921,3.81601
451,002204,10.012,8.9,8.09,8.9,8.09,8.09,26634169,2.75806
452,002540,10.012,8.9,7.32,8.9,7.32,8.09,33028989,4.68414
453,002627,10.012,18.13,16.37,18.13,15.88,16.48,3981772,3.05199
454,300029,10.012,9.23,8.16,9.23,8.1,8.39,12827685,6.63078
455,300344,10.012,9.23,7.83,9.23,7.83,8.39,11006559,10.56048
456,300393,10.012,44.5,38.5,44.5,38.5,40.45,2677069,11.657399999999999
457,600306,10.011,10.0,8.18,10.0,8.18,9.09,22397593,12.62567
458,600316,10.011,20.22,18.03,20.22,17.11,18.38,40668903,5.67119
459,600343,10.011,20.0,16.36,20.0,16.36,18.18,65795317,11.43538
460,600419,10.011,41.21,33.71,41.21,33.71,37.46,21454087,26.74712
461,600500,10.011,10.22,9.3,10.22,9.21,9.29,54744998,3.17708
462,600585,10.011,20.33,18.48,20.33,17.92,18.48,114745225,2.86884
463,600858,10.011,10.11,8.3,10.11,8.3,9.19,30197756,5.83477
464,600970,10.011,9.67,8.5,9.67,8.5,8.79,41000075,3.75013
465,603000,10.011,41.21,33.71,41.21,33.71,37.46,21888148,3.95918
466,603306,10.011,31.21,26.5,31.21,26.5,28.37,2469402,7.05543
467,603366,10.011,10.22,9.08,10.22,8.69,9.29,17342008,2.16775
468,000418,10.011,20.22,18.38,20.22,18.38,18.38,9311640,2.12709
469,000576,10.011,9.78,8.0,9.78,8.0,8.89,46887996,18.30452
470,002227,10.011,19.67,17.0,19.67,17.0,17.88,5646202,2.58868
471,002714,10.011,39.12,32.0,39.12,32.0,35.56,6407277,4.4727500000000004
472,002772,10.011,29.56,24.18,29.56,24.18,26.87,15918619,42.73455
473,300250,10.011,39.45,35.6,39.45,35.6,35.86,3779098,8.49284
474,300371,10.011,19.23,16.86,19.23,16.6,17.48,3517297,9.9047
475,600118,10.01,34.62,28.32,34.62,28.32,31.47,88737949,7.50434
476,600130,10.01,10.99,8.99,10.99,8.99,9.99,95093815,12.38201
477,600198,10.01,21.87,18.92,21.87,18.92,19.88,38929373,7.30397
478,600535,10.01,42.31,38.46,42.31,37.0,38.46,27131497,2.62688
479,600612,10.01,42.2,34.52,42.2,34.52,38.36,5223597,1.64725
480,600638,10.01,10.66,9.08,10.66,9.08,9.69,26190406,4.66716
481,600742,10.01,21.43,18.0,21.43,18.0,19.48,16858180,7.96989
482,603288,10.01,32.64,29.67,32.64,27.03,29.67,17648685,6.54965
483,000988,10.01,11.32,10.28,11.32,10.28,10.29,49789487,5.58731
484,002423,10.01,10.99,9.33,10.99,9.22,9.99,11709383,2.51539
485,002595,10.01,23.08,21.0,23.08,21.0,20.98,18369149,4.20546
486,300042,10.01,21.76,20.0,21.76,20.0,19.78,3241847,3.57346
487,300072,10.01,32.86,29.87,32.86,29.87,29.87,22007240,3.6944600000000003
488,300254,10.01,21.1,18.0,21.1,18.0,19.18,8169967,7.78547
489,300394,10.01,57.04,49.03,57.04,49.0,51.85,1940255,12.73133
490,600475,10.009,12.64,11.0,12.64,11.0,11.49,10897365,4.25678
491,600679,10.009,12.53,10.25,12.53,10.25,11.39,12387895,6.8058
492,600775,10.009,12.09,9.89,12.09,9.89,10.99,54590137,8.62918
493,600958,10.009,25.5,23.18,25.5,21.15,23.18,100680992,10.0681
494,603066,10.009,23.85,19.88,23.85,19.88,21.68,3622578,14.490310000000001
495,603788,10.009,24.84,20.32,24.84,20.32,22.58,5810853,16.9908
496,000031,10.009,11.87,10.01,11.87,10.01,10.79,114364410,6.30552
497,000999,10.009,24.84,22.61,24.84,22.61,22.58,18768403,1.9195700000000002
498,002032,10.009,24.07,21.4,24.07,20.82,21.88,5286126,1.13325
499,002763,10.009,24.18,22.5,24.18,22.5,21.98,8032819,14.87559
500,300246,10.009,25.72,23.1,25.72,23.06,23.38,8761802,8.274750000000001
501,600148,10.008,14.07,11.51,14.07,11.51,12.79,14373264,10.1566
502,600276,10.008,41.22,37.47,41.22,34.47,37.47,51245070,2.63455
503,600385,10.008,13.52,11.06,13.52,11.06,12.29,20232006,14.17067
504,600406,10.008,14.18,13.18,14.18,13.03,12.89,92897614,4.2116
505,600502,10.008,13.19,10.79,13.19,10.79,11.99,63622790,12.67563
506,600559,10.008,55.73,50.6,55.73,49.7,50.66,2946006,2.10429
507,600606,10.008,14.29,11.69,14.29,11.69,12.99,54565311,10.52734
508,600718,10.008,13.3,12.09,13.3,12.09,12.09,73847637,6.01564
509,600855,10.008,25.94,21.22,25.94,21.22,23.58,45561627,13.80177
510,600875,10.008,13.74,12.49,13.74,12.0,12.49,87015375,4.35752
511,601211,10.008,28.47,23.29,28.47,23.29,25.88,388972328,25.50638
512,601313,10.008,13.52,11.06,13.52,11.06,12.29,25933981,6.57421
513,603789,10.008,29.24,24.19,29.24,24.19,26.58,7314124,14.62825
514,000600,10.008,12.97,11.79,12.97,11.79,11.79,23964910,2.62319
515,002066,10.008,14.29,11.8,14.29,11.8,12.99,20937381,9.0638
516,002185,10.008,13.63,12.39,13.63,12.1,12.39,36336961,5.21532
517,002678,10.008,13.96,12.69,13.96,12.69,12.69,6776493,0.71077
518,002748,10.008,26.82,22.61,26.82,22.61,24.38,3434601,11.44867
519,002767,10.008,29.24,23.92,29.24,23.92,26.58,7429524,29.7181
520,300104,10.008,52.65,44.2,52.65,44.08,47.86,109639146,10.07497
521,300177,10.008,14.29,12.99,14.29,12.99,12.99,17667609,6.93792
522,300414,10.008,55.51,51.88,55.51,51.5,50.46,925552,4.39275
523,300417,10.008,52.98,47.01,52.98,47.01,48.16,1301153,12.7564
524,300464,10.008,26.38,22.88,26.38,22.68,23.98,3258802,15.76585
525,300465,10.008,66.83,54.68,66.83,54.68,60.75,3675129,11.02318
526,300488,10.008,43.86,37.68,43.86,37.68,39.87,3147067,25.15641
527,600177,10.007,15.72,12.86,15.72,12.86,14.29,167856034,7.53863
528,600362,10.007,15.06,13.69,15.06,12.93,13.69,82426512,3.97189
529,600862,10.007,15.39,12.59,15.39,12.59,13.99,82927460,12.99949
530,601007,10.007,15.28,12.5,15.28,12.5,13.89,47164190,15.7214
531,603026,10.007,16.6,13.8,16.6,13.8,15.09,6948531,13.7106
532,603519,10.007,49.69,40.65,49.69,40.65,45.17,9302358,46.51179
533,603568,10.007,29.9,24.46,29.9,24.46,27.18,7238614,15.80483
534,000929,10.007,16.16,13.22,16.16,13.22,14.69,19451443,10.48098
535,000957,10.007,16.49,13.49,16.49,13.49,14.99,24664944,10.34225
536,002737,10.007,45.95,41.77,45.95,41.77,41.77,6302986,8.63423
537,300037,10.007,30.12,27.38,30.12,27.38,27.38,4920713,4.67407
538,300391,10.007,16.16,13.63,16.16,13.59,14.69,3336572,8.00617
539,300416,10.007,49.8,43.01,49.8,42.0,45.27,2286300,14.56242
540,300473,10.007,50.35,44.73,50.35,44.73,45.77,4577947,18.31179
541,300485,10.007,75.3,69.0,75.3,69.0,68.45,5618429,18.7281
542,600021,10.006,17.15,15.59,17.15,15.59,15.59,92108195,4.30465
543,600088,10.006,19.35,16.55,19.35,16.55,17.59,9351192,2.82154
544,600523,10.006,18.03,14.75,18.03,14.75,16.39,25825392,8.9484
545,600549,10.006,18.03,16.39,18.03,15.15,16.39,36267156,4.09071
546,600552,10.006,16.93,13.85,16.93,13.85,15.39,33768878,9.86704
547,600663,10.006,37.6,34.17,37.6,31.0,34.18,26761792,1.9705500000000002
548,601766,10.006,17.7,15.15,17.7,14.52,16.09,951352334,4.15117
549,601800,10.006,17.04,14.8,17.04,14.38,15.49,156149889,1.32925
550,603168,10.006,50.79,41.55,50.79,41.55,46.17,6448082,6.4092400000000005
551,603222,10.006,19.68,16.1,19.68,16.1,17.89,8497044,21.24261
552,603355,10.006,36.17,29.6,36.17,29.59,32.88,5246413,12.79613
553,000915,10.006,34.85,28.68,34.85,28.68,31.68,12117702,6.75828
554,002304,10.006,70.69,64.26,70.69,62.0,64.26,15390563,1.25305
555,300286,10.006,18.8,16.55,18.8,16.16,17.09,9183036,10.97425
556,300340,10.006,19.46,17.0,19.46,17.0,17.69,3048399,4.16088
557,300406,10.006,33.86,30.62,33.86,30.52,30.78,4571643,9.35662
558,300412,10.006,33.86,30.03,33.86,28.07,30.78,3569663,12.10876
559,300444,10.006,35.29,31.0,35.29,30.5,32.08,3877817,11.24448
560,300450,10.006,92.9,87.95,92.9,86.52,84.45,2514006,14.78827
561,300487,10.006,34.41,29.0,34.41,29.0,31.28,6331137,31.65569
562,600648,10.005,20.56,18.69,20.56,18.08,18.69,24427529,2.61315
563,603600,10.005,106.21,95.0,106.21,92.05,96.55,2435092,9.74037
564,603616,10.005,20.12,16.46,20.12,16.46,18.29,11369833,30.99736
565,603968,10.005,43.98,36.5,43.98,36.5,39.98,3304968,12.93023
566,002008,10.005,22.1,20.09,22.1,20.09,20.09,68504627,7.16124
567,002096,10.005,20.01,16.37,20.01,16.37,18.19,8309898,3.14936
568,002117,10.005,20.12,17.5,20.12,17.5,18.29,12361261,3.41282
569,002205,10.005,22.1,18.08,22.1,18.08,20.09,14360064,12.36316
570,002275,10.005,20.01,18.19,20.01,18.19,18.19,10109521,1.92527
571,002776,10.005,43.32,35.44,43.32,35.44,39.38,10716706,40.87226
572,300183,10.005,23.97,21.79,23.97,21.0,21.79,24694027,9.72481
573,300236,10.005,22.32,19.55,22.32,19.41,20.29,3444156,2.2715899999999998
574,300237,10.005,20.89,18.58,20.89,18.3,18.99,3405015,2.9640400000000002
575,300405,10.005,41.34,35.9,41.34,35.9,37.58,2125050,12.50029
576,300426,10.005,100.05,83.0,100.05,83.0,90.95,3312177,16.56089
577,600885,10.004,29.14,26.49,29.14,26.49,26.49,6735172,2.30069
578,002594,10.004,49.15,44.68,49.15,43.51,44.68,23035293,3.22548
579,300011,10.004,26.17,23.79,26.17,23.79,23.79,16676028,4.84623
580,300276,10.004,26.72,23.5,26.72,23.0,24.29,25691810,13.23288
581,300430,10.004,77.52,66.0,77.52,66.0,70.47,1189364,7.82476
582,600055,10.003,33.87,30.5,33.87,29.5,30.79,4654714,2.15048
583,600694,10.003,38.71,35.19,38.71,35.1,35.19,9800971,3.33686
584,600750,10.003,31.67,27.24,31.67,27.24,28.79,11029452,3.67648
585,000062,10.003,33.32,27.27,33.32,27.26,30.29,33626633,5.04185
586,002755,10.003,32.88,26.9,32.88,26.9,29.89,6902207,27.23839
587,300369,10.003,35.19,30.88,35.19,30.25,31.99,9610937,9.37313
588,300471,10.003,104.25,95.1,104.25,95.1,94.77,2120159,14.3254
589,300472,10.003,33.87,30.13,33.87,30.08,30.79,2563732,15.37932
590,000028,10.002,57.74,52.49,57.74,52.49,52.49,4996482,2.14201
591,000938,10.002,62.25,52.0,62.25,52.0,56.59,19961796,9.68669
592,300059,10.002,50.59,42.01,50.59,42.01,45.99,182046640,14.09842
593,300333,10.002,63.02,51.56,63.02,51.56,57.29,2433777,2.20654
594,300442,10.002,44.1,36.98,44.1,36.98,40.09,3474235,13.89694
595,300446,10.002,90.62,76.5,90.62,76.5,82.38,1413054,9.17568
596,300458,10.002,62.14,51.3,62.14,51.3,56.49,3663057,9.15764
597,000661,10.001,114.72,98.86,114.72,98.01,104.29,7222797,5.49999
598,002153,10.001,90.19,81.99,90.19,81.99,81.99,4141293,2.53984
599,300399,10.001,84.25,71.9,84.25,69.0,76.59,2685765,13.42883
600,300456,10.001,74.35,64.0,74.35,64.0,67.59,1657016,7.89055
601,600022,10.0,3.63,2.97,3.63,2.97,3.3,244336615,3.79623
602,600026,10.0,8.47,7.18,8.47,7.18,7.7,91947173,3.3606
603,600038,10.0,42.02,34.38,42.02,34.38,38.2,20633827,5.25502
604,600039,10.0,5.17,4.7,5.17,4.63,4.7,107932796,3.57425
605,600066,10.0,19.69,17.9,19.69,16.11,17.9,90817810,4.8636
606,600076,10.0,7.37,6.03,7.37,6.03,6.7,43881379,12.00467
607,600111,10.0,14.3,13.0,14.3,12.52,13.0,140878456,6.34815
608,600114,10.0,10.67,9.45,10.67,9.45,9.7,16321431,6.81529
609,600126,10.0,6.6,5.4,6.6,5.4,6.0,28336863,3.3777
610,600133,10.0,7.04,5.76,7.04,5.76,6.4,55040185,10.23149
611,600135,10.0,11.77,9.63,11.77,9.63,10.7,39946074,11.68014
612,600178,10.0,7.04,6.3,7.04,6.3,6.4,13325909,2.8839
613,600197,10.0,10.12,8.39,10.12,8.39,9.2,20280898,4.59884
614,600206,10.0,12.76,11.3,12.76,11.3,11.6,60185643,10.25075
615,600227,10.0,6.82,5.58,6.82,5.58,6.2,141538230,14.89261
616,600250,10.0,7.92,6.49,7.92,6.49,7.2,12463799,4.818
617,600287,10.0,8.58,7.02,8.58,7.02,7.8,27957712,6.40063
618,600295,10.0,9.24,7.8,9.24,7.8,8.4,23690270,3.87096
619,600302,10.0,7.15,5.85,7.15,5.85,6.5,45077304,13.02775
620,600399,10.0,7.26,5.94,7.26,5.94,6.6,116640705,10.32563
621,600459,10.0,14.63,12.0,14.63,12.0,13.3,21515524,8.2442
622,600486,10.0,21.56,19.71,21.56,19.71,19.6,16164993,5.21621
623,600528,10.0,12.54,11.4,12.54,11.4,11.4,82840219,5.6771
624,600598,10.0,10.23,8.61,10.23,8.61,9.3,45467811,2.55771
625,600705,10.0,14.74,12.06,14.74,12.06,13.4,231370591,10.62775
626,600723,10.0,8.36,6.84,8.36,6.84,7.6,27999006,4.25472
627,600749,10.0,11.11,9.17,11.11,9.16,10.1,14296842,7.55895
628,600824,10.0,6.27,5.4,6.27,5.4,5.7,41271133,3.91557
629,600837,10.0,20.68,17.0,20.68,16.92,18.8,507959256,6.2772
630,600857,10.0,12.98,11.23,12.98,11.23,11.8,22975325,10.24221
631,600864,10.0,11.88,10.02,11.88,10.02,10.8,15885110,2.90735
632,600871,10.0,9.24,7.56,9.24,7.56,8.4,168384301,37.41873
633,600876,10.0,11.66,9.54,11.66,9.54,10.6,20475586,8.18964
634,600892,10.0,39.16,32.04,39.16,32.04,35.6,13754909,21.89465
635,600973,10.0,8.91,7.65,8.91,7.65,8.1,19592451,4.76253
636,601012,10.0,10.67,9.15,10.67,9.15,9.7,68474408,4.2384
637,601186,10.0,17.49,15.21,17.49,15.21,15.9,291820120,2.84391
638,601368,10.0,12.76,10.44,12.76,10.44,11.6,32828722,22.33246
639,601369,10.0,8.36,7.65,8.36,7.65,7.6,23726456,1.44782
640,601600,10.0,5.83,5.3,5.83,4.78,5.3,439262298,4.58495
641,601718,10.0,11.11,9.1,11.11,9.09,10.1,117715825,3.052
642,601888,10.0,53.57,48.7,53.57,45.0,48.7,13811005,1.41472
643,601901,10.0,10.67,9.7,10.67,8.83,9.7,224311007,3.67723
644,601919,10.0,7.81,7.1,7.81,6.42,7.1,213741980,2.79925
645,601965,10.0,9.79,8.91,9.79,8.91,8.9,26241746,2.73016
646,601985,10.0,9.02,7.38,9.02,7.38,8.2,945802971,24.30745
647,603123,10.0,8.69,7.94,8.69,7.94,7.9,8402884,2.72821
648,603227,10.0,16.06,13.14,16.06,13.14,14.6,12026165,14.60372
649,603308,10.0,21.89,17.91,21.89,17.91,19.9,22639577,9.44019
650,603883,10.0,49.94,40.86,49.94,40.86,45.4,8348469,12.4604
651,603979,10.0,26.73,21.87,26.73,21.87,24.3,32074177,33.76229
652,000046,10.0,12.1,11.0,12.1,11.0,11.0,45688799,1.00398
653,000088,10.0,9.46,8.07,9.46,8.07,8.6,48579831,2.50137
654,000422,10.0,7.04,6.23,7.04,6.23,6.4,34369382,3.93296
655,000501,10.0,17.49,15.9,17.49,15.9,15.9,10857873,2.14081
656,000533,10.0,8.47,6.93,8.47,6.93,7.7,64785015,9.45948
657,000538,10.0,70.62,64.2,70.62,64.2,64.2,19928426,1.91368
658,000553,10.0,10.12,8.28,10.12,8.28,9.2,32264770,8.866530000000001
659,000568,10.0,21.78,19.89,21.78,19.89,19.8,46418880,3.31454
660,000570,10.0,9.35,7.65,9.35,7.65,8.5,40511401,9.84782
661,000598,10.0,6.49,5.9,6.49,5.58,5.9,142337519,4.76648
662,000613,10.0,7.15,6.07,7.15,5.9,6.5,20890932,8.01756
663,000619,10.0,8.47,7.03,8.47,7.03,7.7,19428935,5.39693
664,000717,10.0,4.4,3.6,4.4,3.6,4.0,153704638,9.20649
665,000726,10.0,13.09,11.91,13.09,11.91,11.9,23345789,4.1641
666,000777,10.0,21.56,18.3,21.56,18.3,19.6,22034265,5.74781
667,000783,10.0,11.99,10.9,11.99,9.81,10.9,252868358,5.33211
668,000822,10.0,5.61,4.8,5.61,4.8,5.1,46967711,5.2473
669,000829,10.0,9.9,8.75,9.9,8.75,9.0,71013001,7.50038
670,000836,10.0,12.1,10.2,12.1,10.2,11.0,18154761,6.20697
671,000886,10.0,4.95,4.05,4.95,4.05,4.5,77771431,8.06239
672,000916,10.0,5.5,4.6,5.5,4.6,5.0,26765127,2.45557
673,000931,10.0,8.25,6.88,8.25,6.88,7.5,39734623,7.84472
674,000936,10.0,9.79,8.01,9.79,8.01,8.9,67742228,9.06025
675,000951,10.0,17.38,15.0,17.38,15.0,15.8,10501846,2.50386
676,000980,10.0,5.94,4.86,5.94,4.86,5.4,54660889,10.3497
677,002025,10.0,17.6,16.0,17.6,16.0,16.0,18099066,4.22101
678,002030,10.0,29.15,25.5,29.15,25.5,26.5,38352212,6.02519
679,002054,10.0,8.25,7.2,8.25,7.2,7.5,16432348,5.2048
680,002100,10.0,8.8,7.2,8.8,7.2,8.0,23527875,3.07066
681,002119,10.0,16.94,14.6,16.94,14.5,15.4,11969780,6.16364
682,002202,10.0,16.06,14.6,16.06,14.6,14.6,104923712,4.88481
683,002213,10.0,11.0,9.25,11.0,9.24,10.0,7165635,4.97251
684,002225,10.0,8.03,7.3,8.03,7.3,7.3,22393427,4.05158
685,002232,10.0,11.66,10.31,11.66,10.31,10.6,19430236,4.88233
686,002250,10.0,19.03,17.3,19.03,17.3,17.3,20661420,3.7529
687,002258,10.0,18.26,15.81,18.26,15.81,16.6,3986931,1.98277
688,002262,10.0,30.69,27.6,30.69,26.81,27.9,6115749,1.54493
689,002277,10.0,12.43,11.04,12.43,11.04,11.3,33237357,5.87105
690,002282,10.0,9.02,8.02,9.02,8.0,8.2,8783310,4.71238
691,002287,10.0,31.9,27.52,31.9,27.52,29.0,2476175,0.6099
692,002297,10.0,10.67,9.77,10.67,9.7,9.7,24808051,6.81155
693,002302,10.0,16.17,14.07,16.17,13.85,14.7,9040309,3.33698
694,002315,10.0,66.55,60.5,66.55,57.83,60.5,4923553,8.17669
695,002338,10.0,46.31,40.12,46.31,37.9,42.1,2303742,1.9418000000000002
696,002359,10.0,9.46,8.4,9.46,8.39,8.6,35744071,10.18548
697,002371,10.0,24.53,21.8,24.53,21.0,22.3,10051429,2.9787
698,002394,10.0,12.54,11.28,12.54,11.05,11.4,12575124,3.88481
699,002412,10.0,17.6,15.0,17.6,14.85,16.0,12123778,4.22763
700,002466,10.0,41.58,36.11,41.58,36.1,37.8,7679196,4.65285
701,002516,10.0,11.11,9.61,11.11,9.61,10.1,17703410,6.50276
702,002519,10.0,14.74,12.2,14.74,12.2,13.4,13505324,3.39581
703,002523,10.0,7.26,6.35,7.26,6.16,6.6,17900936,5.94243
704,002533,10.0,7.59,6.41,7.59,6.41,6.9,27452245,5.59004
705,002542,10.0,9.9,8.35,9.9,8.3,9.0,14877403,4.38399
706,002563,10.0,20.9,18.8,20.9,18.8,19.0,8089494,0.8823300000000001
707,002565,10.0,6.93,6.05,6.93,6.05,6.3,25644473,3.73028
708,002572,10.0,33.77,28.1,33.77,28.1,30.7,12792782,4.79446
709,002598,10.0,8.91,7.5,8.91,7.5,8.1,10748103,4.07465
710,002601,10.0,32.67,29.5,32.67,28.71,29.7,5405347,3.29068
711,002615,10.0,14.74,13.39,14.74,13.0,13.4,5688876,5.53613
712,002621,10.0,14.3,12.38,14.3,12.2,13.0,4584333,8.14993
713,002661,10.0,38.06,32.66,38.06,32.66,34.6,2552115,3.1041
714,002677,10.0,16.94,15.1,16.94,15.1,15.4,13156940,13.15694
715,002679,10.0,18.59,15.21,18.59,15.21,16.9,3588572,2.58766
716,002685,10.0,8.47,7.26,8.47,7.26,7.7,18796596,3.35654
717,002697,10.0,10.45,9.0,10.45,8.88,9.5,27791568,9.02356
718,002713,10.0,22.22,19.5,22.22,19.0,20.2,2333824,3.73889
719,002731,10.0,27.17,23.15,27.17,23.15,24.7,2884631,7.6556
720,002732,10.0,22.99,19.3,22.99,19.3,20.9,3558909,9.04424
721,002745,10.0,34.43,28.17,34.43,28.17,31.3,5431549,12.20573
722,002749,10.0,77.0,64.6,77.0,64.6,70.0,2199371,14.66247
723,002762,10.0,82.5,76.5,82.5,74.8,75.0,1993331,11.72548
724,002773,10.0,38.83,35.0,38.83,35.0,35.3,4056956,8.89683
725,300001,10.0,20.02,16.38,20.02,16.38,18.2,51491375,6.06855
726,300018,10.0,27.39,22.41,27.39,22.41,24.9,9262631,6.04971
727,300024,10.0,86.02,78.2,86.02,78.2,78.2,39186238,6.17934
728,300033,10.0,74.8,67.74,74.8,63.04,68.0,39149704,14.94274
729,300034,10.0,22.33,20.3,22.33,19.73,20.3,18367892,5.74176
730,300046,10.0,14.19,12.73,14.19,12.73,12.9,10440823,8.50992
731,300049,10.0,30.03,27.15,30.03,26.5,27.3,14084770,6.33366
732,300050,10.0,17.93,16.21,17.93,16.21,16.3,10379996,7.75306
733,300114,10.0,26.18,22.89,26.18,21.42,23.8,4461159,2.19978
734,300118,10.0,10.89,9.9,10.89,9.5,9.9,33776790,8.54764
735,300121,10.0,8.69,7.4,8.69,7.31,7.9,10488469,7.5969
736,300124,10.0,44.0,40.0,44.0,38.62,40.0,28541619,4.62272
737,300159,10.0,12.98,10.62,12.98,10.62,11.8,38318794,6.6522
738,300176,10.0,17.27,15.0,17.27,14.71,15.7,4115323,3.83606
739,300178,10.0,29.92,27.0,29.92,24.48,27.2,42459739,8.17475
740,300180,10.0,12.1,10.75,12.1,10.7,11.0,11688952,3.89752
741,300186,10.0,29.15,23.85,29.15,23.85,26.5,15666896,3.89661
742,300204,10.0,27.94,24.5,27.94,24.5,25.4,6561713,1.9861
743,300218,10.0,12.87,11.6,12.87,11.51,11.7,6318130,3.86368
744,300224,10.0,17.82,16.0,17.82,15.81,16.2,15437902,3.3759
745,300225,10.0,6.27,5.45,6.27,5.3,5.7,24298015,7.21445
746,300239,10.0,12.1,10.5,12.1,10.2,11.0,10669723,8.70884
747,300241,10.0,10.67,9.31,10.67,9.31,9.7,12825742,8.02911
748,300253,10.0,47.41,40.66,47.41,40.66,43.1,31742460,8.3507
749,300258,10.0,14.08,12.0,14.08,11.84,12.8,14939260,5.98121
750,300261,10.0,12.1,10.7,12.1,10.7,11.0,9541560,2.57643
751,300270,10.0,13.2,11.78,13.2,11.78,12.0,6752757,4.78014
752,300275,10.0,19.03,16.7,19.03,16.52,17.3,5685801,5.21413
753,300282,10.0,42.79,36.92,42.79,36.92,38.9,3362182,4.68226
754,300289,10.0,35.2,31.51,35.2,31.1,32.0,3918544,3.22477
755,300298,10.0,33.88,29.7,33.88,29.0,30.8,5448392,4.30587
756,300305,10.0,19.69,17.02,19.69,16.8,17.9,4952909,7.86536
757,300308,10.0,13.09,11.2,13.09,11.2,11.9,4599811,2.14508
758,300315,10.0,10.67,9.19,10.67,9.1,9.7,153827199,9.55203
759,300347,10.0,39.6,36.0,39.6,33.01,36.0,16942932,7.02082
760,300357,10.0,40.7,35.9,40.7,35.13,37.0,3428535,4.94811
761,300362,10.0,31.35,27.6,31.35,27.05,28.5,2762266,6.04312
762,300365,10.0,21.45,19.53,21.45,19.01,19.5,3081200,5.35349
763,300379,10.0,50.6,45.5,50.6,45.02,46.0,3422576,5.83161
764,300386,10.0,53.9,49.0,53.9,46.5,49.0,4602211,5.94189
765,300395,10.0,21.23,18.85,21.23,18.7,19.3,2661719,8.21518
766,300398,10.0,63.25,56.28,63.25,55.01,57.5,1336733,5.14128
767,300408,10.0,38.5,35.0,38.5,35.0,35.0,6035671,6.56051
768,300424,10.0,53.46,45.0,53.46,45.0,48.6,3406921,10.24022
769,300433,10.0,88.0,79.88,88.0,75.0,80.0,7598789,11.28086
770,300437,10.0,52.03,44.14,52.03,44.14,47.3,2040831,12.22054
771,300468,10.0,58.41,53.0,58.41,53.0,53.1,2225963,8.90385
772,300470,10.0,63.8,58.0,63.8,58.0,58.0,1468309,11.00681
773,300475,10.0,19.47,17.7,19.47,17.61,17.7,4977453,9.95491
774,300486,10.0,22.44,19.99,22.44,19.2,20.4,8728515,25.13973
775,300467,9.999,193.73,175.98,193.73,167.03,176.12,1459211,14.59211
776,603018,9.998,57.43,46.99,57.43,46.99,52.21,5231463,20.12101
777,603309,9.998,44.56,37.3,44.56,37.3,40.51,3160664,12.64266
778,603588,9.998,46.54,41.0,46.54,40.01,42.31,5223872,12.93038
779,603988,9.998,53.91,44.11,53.91,44.11,49.01,3402739,17.01369
780,002424,9.998,51.16,46.6,51.16,46.58,46.51,12459726,5.51687
781,002706,9.998,58.09,47.53,58.09,47.53,52.81,2236530,6.43865
782,002769,9.998,71.95,68.0,71.95,68.0,65.41,3660751,19.78784
783,300321,9.998,57.98,50.6,57.98,50.6,52.71,1175711,4.89057
784,300449,9.998,71.73,62.5,71.73,62.5,65.21,1848703,10.44465
785,300451,9.998,121.13,108.18,121.13,108.18,110.12,971438,5.71434
786,300463,9.998,63.26,57.55,63.26,57.52,57.51,2374147,6.33106
787,300479,9.998,47.2,42.2,47.2,42.2,42.91,3186996,15.93498
788,300482,9.998,44.89,44.89,44.89,44.89,40.81,354125,1.60966
789,600391,9.997,34.22,28.0,34.22,28.0,31.11,47995131,14.53828
790,603166,9.997,39.61,32.41,39.61,32.41,36.01,12939396,29.74574
791,603567,9.997,40.27,33.1,40.27,33.1,36.61,7977155,12.352360000000001
792,603828,9.997,32.35,26.47,32.35,26.47,29.41,3580851,11.93617
793,603998,9.997,38.07,31.15,38.07,31.15,34.61,13884322,39.17919
794,000333,9.997,33.89,30.81,33.89,29.0,30.81,62243192,2.74953
795,000423,9.997,43.02,40.0,43.02,38.38,39.11,29538579,4.51854
796,002252,9.997,77.9,70.82,77.9,69.61,70.82,15024739,1.51985
797,002475,9.997,33.01,30.01,33.01,28.51,30.01,24042106,2.09119
798,002775,9.997,34.99,28.63,34.99,28.63,31.81,12574432,41.91477
799,300428,9.997,37.85,33.0,37.85,33.0,34.41,1577825,7.8110100000000005
800,300443,9.997,100.68,89.0,100.68,88.95,91.53,1293999,11.492
801,300462,9.997,42.03,38.4,42.03,38.38,38.21,1984342,11.52347
802,600009,9.996,26.41,24.01,26.41,22.91,24.01,60217490,5.50698
803,600298,9.996,27.29,24.84,27.29,24.84,24.81,8664521,2.67186
804,600422,9.996,30.7,27.91,30.7,25.12,27.91,21752663,6.39246
805,600455,9.996,28.83,24.0,28.83,24.0,26.21,3736079,7.5145800000000005
806,600476,9.996,27.29,22.33,27.29,22.33,24.81,21523193,13.36263
807,000065,9.996,25.2,20.62,25.2,20.62,22.91,18009188,7.1069700000000005
808,002166,9.996,26.3,21.52,26.3,21.52,23.91,16129619,15.83527
809,002179,9.996,26.52,24.15,26.52,24.15,24.11,16010592,2.77189
810,002405,9.996,27.84,23.0,27.84,23.0,25.31,63199125,9.765460000000001
811,002752,9.996,27.62,22.6,27.62,22.6,25.11,12668490,21.11415
812,002760,9.996,26.19,21.45,26.19,21.45,23.81,6301655,28.64389
813,300318,9.996,31.36,27.01,31.36,25.66,28.51,4581549,4.33383
814,300438,9.996,49.63,43.3,49.63,43.3,45.12,1720699,8.1938
815,300447,9.996,55.24,50.22,55.24,50.22,50.22,3087170,15.24528
816,300452,9.996,51.28,47.05,51.28,47.05,46.62,1099766,9.48074
817,300481,9.996,24.76,21.39,24.76,21.39,22.51,3869999,19.35
818,600086,9.995,41.6,37.5,41.6,37.5,37.82,6561212,1.8624900000000002
819,600557,9.995,23.11,20.0,23.11,20.0,21.01,25129382,6.81884
820,600697,9.995,22.23,20.4,22.23,20.25,20.21,4524209,2.9159100000000002
821,603918,9.995,40.06,32.82,40.06,32.82,36.42,4111742,18.68974
822,000039,9.995,20.03,16.39,20.03,16.39,18.21,76953703,6.12703
823,000338,9.995,22.56,20.51,22.56,19.02,20.51,55801880,5.33435
824,002271,9.995,20.58,18.71,20.58,18.71,18.71,17295285,3.8974900000000003
825,300329,9.995,21.02,18.68,21.02,18.68,19.11,4396325,6.39987
826,300380,9.995,63.83,56.0,63.83,56.0,58.03,7092616,14.67767
827,300445,9.995,64.38,60.11,64.38,58.66,58.53,1050368,10.29773
828,300469,9.995,46.99,41.58,46.99,41.58,42.72,1262562,7.56025
829,600064,9.994,18.05,16.4,18.05,16.4,16.41,23113472,2.98497
830,600195,9.994,18.93,17.75,18.93,17.42,17.21,13831864,3.21821
831,600305,9.994,18.49,17.0,18.49,17.0,16.81,8273933,2.74545
832,600369,9.994,17.39,17.39,17.39,15.02,15.81,181388451,7.80987
833,600547,9.994,17.5,15.91,17.5,14.58,15.91,65910551,4.63157
834,600685,9.994,38.52,35.02,38.52,35.02,35.02,11955169,2.72661
835,600741,9.994,17.39,15.81,17.39,14.4,15.81,70228846,2.71868
836,600895,9.994,19.37,17.88,19.37,16.88,17.61,53866625,3.47821
837,601555,9.994,17.5,15.85,17.5,14.32,15.91,161161696,8.05808
838,601808,9.994,18.27,16.61,18.27,15.03,16.61,56059133,1.89359
839,603300,9.994,18.49,15.13,18.49,15.13,16.81,8120294,16.02584
840,000869,9.994,39.51,35.92,39.51,35.92,35.92,5011450,1.10516
841,300120,9.994,18.71,15.31,18.71,15.31,17.01,23239367,14.97696
842,600072,9.993,16.84,13.78,16.84,13.78,15.31,57768524,12.07461
843,600511,9.993,32.47,28.35,32.47,28.35,29.52,11326078,4.07936
844,600551,9.993,16.51,15.12,16.51,15.12,15.01,9063277,1.7917800000000002
845,600563,9.993,30.27,25.51,30.27,25.51,27.52,12072142,5.3654
846,600834,9.993,15.08,12.34,15.08,12.34,13.71,27362447,5.73177
847,600990,9.993,61.31,50.17,61.31,50.17,55.74,5083363,3.71857
848,601216,9.993,15.63,12.79,15.63,12.79,14.21,78128051,3.81485
849,601969,9.993,15.74,14.31,15.74,14.31,14.31,26759606,14.33525
850,603088,9.993,30.93,25.31,30.93,25.31,28.12,5351317,26.75659
851,002143,9.993,31.81,28.92,31.81,28.92,28.92,8202770,9.37055
852,002294,9.993,29.5,26.82,29.5,26.82,26.82,19276933,4.19816
853,002454,9.993,14.86,13.11,14.86,13.07,13.51,10228389,4.2474
854,002709,9.993,31.26,27.5,31.26,26.01,28.42,3325264,5.86386
855,002746,9.993,16.73,13.7,16.73,13.7,15.21,7923305,19.88282
856,300139,9.993,14.97,13.61,14.97,13.5,13.61,17735446,8.35943
857,300194,9.993,16.07,14.5,16.07,14.1,14.61,6275721,4.18932
858,300389,9.993,31.92,28.0,31.92,27.8,29.02,3105513,10.03721
859,300448,9.993,65.93,55.8,65.93,55.8,59.94,2147263,10.73632
860,300478,9.993,33.02,29.94,33.02,29.94,30.02,1715686,10.29206
861,300489,9.993,44.8,41.0,44.8,41.0,40.73,1156408,10.18862
862,600171,9.992,14.31,12.21,14.31,12.2,13.01,34494473,5.11933
863,600345,9.992,14.09,12.2,14.09,12.2,12.81,8777296,4.43298
864,600615,9.992,13.43,10.99,13.43,10.99,12.21,12638532,6.73608
865,603901,9.992,39.85,32.61,39.85,32.61,36.23,5007733,20.03093
866,000591,9.992,12.99,10.63,12.99,10.63,11.81,20788330,7.5698
867,000768,9.992,27.74,22.7,27.74,22.7,25.22,131704773,5.31578
868,002035,9.992,14.53,12.59,14.53,12.55,13.21,10250264,3.65192
869,002637,9.992,14.42,13.25,14.42,13.25,13.11,8207218,7.54933
870,002743,9.992,26.75,21.89,26.75,21.89,24.32,11814427,38.9401
871,300187,9.992,28.07,25.2,28.07,24.0,25.52,6648711,3.36808
872,300402,9.992,13.87,11.43,13.87,11.43,12.61,4881778,9.57211
873,300407,9.992,26.31,22.51,26.31,22.51,23.92,3037906,8.93502
874,300460,9.992,26.64,23.22,26.64,21.89,24.22,5329188,12.66442
875,600141,9.991,11.89,10.11,11.89,10.11,10.81,14349517,3.52674
876,600259,9.991,36.22,31.99,36.22,29.89,32.93,9484127,3.8027800000000003
877,600352,9.991,12.88,10.54,12.88,10.54,11.71,267160270,8.73092
878,600823,9.991,12.33,11.21,12.33,11.21,11.21,27900471,1.58531
879,601377,9.991,11.89,10.8,11.89,9.73,10.81,316386467,6.08436
880,603199,9.991,49.43,45.98,49.43,44.0,44.94,3234674,11.68596
881,000004,9.991,24.44,21.8,24.44,20.4,22.22,7170751,8.54928
882,000061,9.991,12.66,11.51,12.66,10.8,11.51,42319775,2.63531
883,000096,9.991,12.22,10.0,12.22,10.0,11.11,37947433,7.42832
884,000524,9.991,12.66,10.36,12.66,10.36,11.51,25212181,9.34922
885,000858,9.991,24.11,21.92,24.11,21.92,21.92,110796514,2.91906
886,002761,9.991,35.78,29.28,35.78,29.28,32.53,20449521,68.16507
887,300101,9.991,37.21,33.11,37.21,32.0,33.83,15140019,6.87551
888,300264,9.991,12.33,11.22,12.33,11.04,11.21,14711700,9.06071
889,300403,9.991,38.42,32.6,38.42,32.6,34.93,3404650,10.01368
890,300440,9.991,46.79,42.65,46.79,42.65,42.54,3449898,12.32106
891,300453,9.991,38.75,34.9,38.75,34.9,35.23,3468651,17.46551
892,600229,9.99,11.56,9.46,11.56,9.46,10.51,39016293,9.85792
893,600536,9.99,21.47,19.0,21.47,19.0,19.52,34784119,7.17624
894,600592,9.99,11.56,9.46,11.56,9.46,10.51,39213743,10.61111
895,600721,9.99,11.23,9.19,11.23,9.19,10.21,16562176,6.66421
896,600783,9.99,21.91,17.93,21.91,17.93,19.92,38147633,5.1249
897,600825,9.99,11.34,9.93,11.34,9.28,10.31,75786410,7.25307
898,601198,9.99,22.57,18.47,22.57,18.47,20.52,91680568,18.33611
899,601689,9.99,22.68,18.56,22.68,18.56,20.62,22586752,17.49555
900,603015,9.99,21.47,17.6,21.47,17.6,19.52,5490120,10.95832
901,603703,9.99,33.03,29.2,33.03,29.2,30.03,2483293,10.79693
902,603993,9.99,11.23,9.7,11.23,9.3,10.21,114460513,4.9772
903,000017,9.99,11.23,9.19,11.23,9.19,10.21,33534962,11.06849
904,000550,9.99,31.71,28.83,31.71,28.83,28.83,9400489,1.81677
905,000762,9.99,11.12,9.81,11.12,9.81,10.11,28665522,6.02274
906,000819,9.99,21.58,17.66,21.58,17.66,19.62,18634409,7.57208
907,000835,9.99,11.34,9.28,11.34,9.28,10.31,35996949,11.78798
908,002044,9.99,32.15,26.31,32.15,26.31,29.23,33964636,12.2226
909,002101,9.99,21.03,19.0,21.03,18.0,19.12,6483322,3.38201
910,002433,9.99,11.56,10.12,11.56,10.01,10.51,25329859,4.81419
911,002585,9.99,11.01,9.6,11.01,9.6,10.01,13611556,3.73659
912,002606,9.99,11.01,9.2,11.01,9.2,10.01,19799350,16.431
913,002694,9.99,11.12,9.84,11.12,9.65,10.11,9244888,7.22234
914,002758,9.99,42.5,34.86,42.5,34.86,38.64,3554563,25.38974
915,300358,9.99,32.15,29.0,32.15,28.0,29.23,5791597,7.89194
916,300409,9.99,43.27,35.41,43.27,35.41,39.34,4474241,18.35586
917,600059,9.989,9.58,8.66,9.58,8.64,8.71,32322414,3.99771
918,600079,9.989,30.61,26.5,30.61,26.5,27.83,21475439,4.24482
919,600120,9.989,20.7,18.9,20.7,18.75,18.82,13958528,2.76148
920,600151,9.989,10.35,9.1,10.35,9.1,9.41,54907841,4.55782
921,600193,9.989,10.13,8.29,10.13,8.29,9.21,53016375,12.4635
922,600674,9.989,9.8,9.15,9.8,9.15,8.91,125974871,2.86167
923,600713,9.989,10.46,8.56,10.46,8.56,9.51,86505997,12.47238
924,603005,9.989,39.2,35.7,39.2,35.7,35.64,4581946,4.59854
925,603020,9.989,40.08,32.8,40.08,32.8,36.44,7255058,18.13765
926,603167,9.989,9.91,8.15,9.91,8.15,9.01,24780754,8.13775
927,000042,9.989,19.38,15.86,19.38,15.86,17.62,50349372,10.51595
928,000738,9.989,19.38,15.86,19.38,15.86,17.62,48648210,4.24637
929,000895,9.989,20.15,18.32,20.15,18.32,18.32,45135645,2.48348
930,000997,9.989,19.27,17.13,19.27,17.13,17.52,60433082,6.60723
931,002049,9.989,31.05,28.23,31.05,28.23,28.23,11268877,2.34273
932,002082,9.989,10.35,9.34,10.35,9.11,9.41,11873291,6.19036
933,002343,9.989,19.6,16.88,19.6,16.88,17.82,11372155,7.9188
934,002673,9.989,29.73,27.03,29.73,24.33,27.03,83845971,3.64548
935,300434,9.989,38.54,34.8,38.54,34.8,35.04,2289463,13.46743
936,300435,9.989,38.43,34.2,38.43,34.2,34.94,1911805,9.55903
937,600051,9.988,9.36,7.7,9.36,7.7,8.51,18294960,5.98281
938,600096,9.988,9.03,7.39,9.03,7.39,8.21,49592639,9.51393
939,600192,9.988,9.03,7.39,9.03,7.39,8.21,49613932,11.23127
940,600216,9.988,9.36,8.18,9.36,8.18,8.51,31082439,3.32041
941,600489,9.988,9.36,8.51,9.36,8.0,8.51,135472350,4.60285
942,600493,9.988,9.14,7.48,9.14,7.48,8.31,44421885,16.33158
943,600510,9.988,9.25,8.2,9.25,8.2,8.41,13582021,1.70731
944,600690,9.988,26.98,24.53,26.98,23.57,24.53,65272778,2.38497
945,601933,9.988,8.81,8.01,8.81,8.01,8.01,86180825,2.80573
946,603188,9.988,27.64,25.13,27.64,25.13,25.13,8573961,5.95414
947,603889,9.988,28.52,23.34,28.52,23.34,25.93,9310201,23.26387
948,000151,9.988,17.84,14.6,17.84,14.6,16.22,36819461,13.81365
949,000400,9.988,18.94,17.22,18.94,16.44,17.22,45469947,6.16543
950,000531,9.988,9.25,7.57,9.25,7.57,8.41,17895143,2.61212
951,000623,9.988,26.87,24.43,26.87,23.2,24.43,53670818,6.80203
952,000625,9.988,18.17,16.52,18.17,16.52,16.52,89537229,2.64315
953,002362,9.988,18.39,16.52,18.39,16.52,16.72,12514343,7.13032
954,002742,9.988,26.98,22.08,26.98,22.08,24.53,4404154,12.23376
955,300280,9.988,18.06,15.35,18.06,15.35,16.42,3172050,6.60844
956,300385,9.988,28.3,24.66,28.3,24.66,25.73,2584891,5.916980000000001
957,600030,9.987,25.77,23.43,25.77,21.2,23.43,672262994,6.8495800000000004
958,600068,9.987,8.15,6.85,8.15,6.85,7.41,250941681,6.04886
959,600228,9.987,8.48,6.94,8.48,6.94,7.71,33559331,13.90657
960,600452,9.987,16.3,13.34,16.3,13.34,14.82,8056981,5.03561
961,600513,9.987,17.18,14.06,17.18,14.06,15.62,21410085,14.07632
962,600525,9.987,17.18,15.0,17.18,15.0,15.62,18783560,2.17526
963,600584,9.987,16.74,14.8,16.74,14.8,15.22,49362198,5.78599
964,600637,9.987,32.6,29.64,32.6,28.0,29.64,71106765,3.29437
965,600960,9.987,8.37,6.85,8.37,6.85,7.61,64543826,12.58624
966,601137,9.987,16.96,13.89,16.96,13.89,15.42,4626534,2.1518800000000002
967,601992,9.987,8.26,7.51,8.26,6.81,7.51,70048317,2.25134
968,000011,9.987,8.7,7.12,8.7,7.12,7.91,23893735,13.58659
969,000505,9.987,8.37,6.85,8.37,6.85,7.61,36622315,10.1603
970,000795,9.987,8.7,7.12,8.7,7.12,7.91,20678701,7.47078
971,000860,9.987,16.52,15.1,16.52,15.1,15.02,19507425,3.46491
972,002099,9.987,16.3,13.68,16.3,13.65,14.82,33766039,10.54783
973,002104,9.987,16.85,15.32,16.85,15.32,15.32,53716082,9.86631
974,002517,9.987,25.33,20.75,25.33,20.75,23.03,7994722,4.5219000000000005
975,002682,9.987,17.51,14.33,17.51,14.33,15.92,24597416,9.37708
976,300067,9.987,8.7,7.5,8.7,7.48,7.91,18312445,5.37586
977,300423,9.987,25.55,23.25,25.55,23.23,23.23,2177245,9.89657
978,300477,9.987,25.33,23.5,25.33,23.5,23.03,2225942,8.56132
979,600006,9.986,7.71,6.58,7.71,6.58,7.01,59838676,2.99193
980,600170,9.986,7.71,7.01,7.71,6.74,7.01,95127765,2.02822
981,600320,9.986,7.6,6.68,7.6,6.68,6.91,68142149,2.46149
982,600623,9.986,16.19,13.25,16.19,13.25,14.72,13356783,2.06644
983,600686,9.986,15.86,12.98,15.86,12.98,14.42,40985865,9.26031
984,600726,9.986,7.6,6.22,7.6,6.22,6.91,177831181,11.58755
985,600827,9.986,15.86,14.42,15.86,13.31,14.42,55888413,3.62258
986,600836,9.986,15.86,12.98,15.86,12.98,14.42,25295285,8.06704
987,600851,9.986,7.71,6.8,7.71,6.8,7.01,40695857,5.5128
988,600893,9.986,31.17,28.4,31.17,28.4,28.34,60037341,4.39788
989,601177,9.986,7.6,6.91,7.6,6.8,6.91,16533481,4.13275
990,603328,9.986,24.12,21.94,24.12,21.94,21.93,6661315,6.79865
991,000565,9.986,24.12,19.75,24.12,19.75,21.93,20631599,11.89574
992,002028,9.986,15.42,13.99,15.42,13.8,14.02,18335280,3.89094
993,002092,9.986,7.6,6.7,7.6,6.65,6.91,54421992,4.3805
994,002337,9.986,7.93,6.88,7.93,6.82,7.21,25949891,4.59403
995,002736,9.986,23.46,21.0,23.46,19.2,21.33,166905941,13.90883
996,300483,9.986,31.94,27.0,31.94,27.0,29.04,3009435,19.41571
997,600318,9.985,14.32,12.86,14.32,12.86,13.02,9348404,3.8629800000000003
998,600379,9.985,14.76,12.99,14.76,12.49,13.42,12831948,5.44053
999,600736,9.985,7.27,6.65,7.27,6.62,6.61,39219505,3.70736
1000,600737,9.985,14.21,11.9,14.21,11.9,12.92,128105894,9.68545
1001,600826,9.985,22.58,18.97,22.58,18.97,20.53,9316747,2.21489
1002,600985,9.985,14.76,12.08,14.76,12.08,13.42,5766024,4.44909
1003,600993,9.985,22.14,19.62,22.14,19.62,20.13,17511920,5.29139
1004,603006,9.985,30.18,24.7,30.18,24.7,27.44,4437784,12.88555
1005,603021,9.985,29.3,23.98,29.3,23.98,26.64,3875644,14.68047
1006,603117,9.985,14.98,12.26,14.98,12.26,13.62,25102550,41.83758
1007,000521,9.985,7.16,5.86,7.16,5.86,6.51,64131305,10.8535
1008,002319,9.985,14.98,13.3,14.98,13.02,13.62,7567557,3.78765
1009,002355,9.985,7.16,6.21,7.16,6.11,6.51,25658837,7.51262
1010,002534,9.985,14.43,12.45,14.43,12.3,13.12,10100802,2.57882
1011,002569,9.985,22.47,18.85,22.47,18.85,20.43,11474489,8.31829
1012,002753,9.985,29.3,25.6,29.3,25.6,26.64,3135722,12.69523
1013,600106,9.984,7.05,5.77,7.05,5.77,6.41,65334967,7.19753
1014,600372,9.984,20.82,18.93,20.82,17.48,18.93,45502428,2.5866
1015,600480,9.984,13.77,11.27,13.77,11.27,12.52,28798342,7.96161
1016,600560,9.984,13.44,11.0,13.44,11.0,12.22,28816878,12.88507
1017,600833,9.984,13.44,11.0,13.44,11.0,12.22,15387344,6.89748
1018,600888,9.984,7.05,5.77,7.05,5.77,6.41,39014106,6.0843
1019,601231,9.984,13.55,12.32,13.55,11.71,12.32,23114700,1.14234
1020,603128,9.984,6.94,5.68,6.94,5.68,6.31,43429589,5.4287
1021,603589,9.984,27.1,22.18,27.1,22.18,24.64,22591737,37.6529
1022,000156,9.984,27.76,23.11,27.76,23.11,25.24,8028239,6.78475
1023,002064,9.984,6.94,6.31,6.94,6.31,6.31,48619344,3.64628
1024,002629,9.984,6.94,5.8,6.94,5.8,6.31,31725336,9.61011
1025,300400,9.984,27.54,24.0,27.54,24.0,25.04,3065616,10.21872
1026,600176,9.983,19.06,17.4,19.06,17.38,17.33,21471501,2.46055
1027,600420,9.983,26.0,23.0,26.0,22.8,23.64,12357596,4.29481
1028,600711,9.983,6.61,5.41,6.61,5.41,6.01,109612481,9.21728
1029,600839,9.983,6.39,5.25,6.39,5.25,5.81,433556119,9.40469
1030,600969,9.983,13.33,12.2,13.33,12.13,12.12,7176373,3.41297
1031,000913,9.983,6.39,5.75,6.39,5.55,5.81,25730835,5.6746300000000005
1032,000928,9.983,19.83,16.23,19.83,16.23,18.03,24339510,8.6036
1033,600108,9.982,6.06,5.51,6.06,5.26,5.51,140748262,7.2293
1034,600506,9.982,11.9,10.5,11.9,10.2,10.82,12811612,8.67367
1035,600578,9.982,5.95,5.41,5.95,4.88,5.41,88002895,3.89856
1036,600626,9.982,11.9,9.74,11.9,9.74,10.82,74607196,10.50446
1037,600692,9.982,12.23,10.01,12.23,10.01,11.12,54211228,21.25843
1038,600776,9.982,11.9,9.74,11.9,9.74,10.82,63328252,6.62429
1039,601233,9.982,12.34,10.99,12.34,10.99,11.22,27459810,2.84971
1040,603008,9.982,12.45,10.19,12.45,10.19,11.32,28025866,14.13507
1041,603198,9.982,24.35,19.93,24.35,19.93,22.14,14547771,18.18471
1042,603997,9.982,17.96,14.7,17.96,14.7,16.33,8363890,13.939820000000001
1043,000656,9.982,6.06,5.51,6.06,5.51,5.51,146463323,4.90765
1044,000735,9.982,6.17,5.53,6.17,5.53,5.61,52523081,5.96797
1045,000910,9.982,12.34,10.1,12.34,10.1,11.22,35930363,6.81144
1046,000966,9.982,12.45,10.19,12.45,10.19,11.32,39721080,7.16803
1047,300243,9.982,11.9,10.33,11.9,10.33,10.82,9231680,6.91094
1048,600233,9.981,11.35,10.29,11.35,10.28,10.32,10090421,6.11541
1049,600371,9.981,17.52,14.34,17.52,14.34,15.93,20073709,9.8112
1050,600425,9.981,5.73,4.76,5.73,4.76,5.21,55533336,4.02769
1051,601166,9.981,17.08,15.53,17.08,14.8,15.53,1130488390,6.98711
1052,601688,9.981,22.59,20.54,22.59,18.6,20.54,213061695,3.9139
1053,000987,9.981,17.63,14.5,17.63,14.5,16.03,18497245,5.15721
1054,002041,9.981,17.3,15.75,17.3,15.75,15.73,17694798,2.18766
1055,300140,9.981,23.25,19.03,23.25,19.03,21.14,26009377,10.76632
1056,300311,9.981,23.03,20.56,23.03,20.56,20.94,10212461,7.74591
1057,300334,9.981,17.74,15.75,17.74,15.75,16.13,19442223,7.52213
1058,600129,9.98,16.31,13.35,16.31,13.35,14.83,28046776,6.56996
1059,600158,9.98,16.75,13.95,16.75,13.95,15.23,51014734,7.7589500000000005
1060,600220,9.98,5.51,4.82,5.51,4.8,5.01,84912044,4.7614
1061,600593,9.98,22.15,18.13,22.15,18.13,20.14,3311366,3.59931
1062,600859,9.98,22.37,19.85,22.37,19.62,20.34,11675792,2.52303
1063,600861,9.98,11.24,9.28,11.24,9.26,10.22,24353173,7.68712
1064,600982,9.98,5.4,4.44,5.4,4.44,4.91,67786420,10.02565
1065,601666,9.98,5.4,4.73,5.4,4.73,4.91,52529804,2.22474
1066,000651,9.98,21.6,19.64,21.6,19.64,19.64,194875682,3.26251
1067,000937,9.98,5.4,4.92,5.4,4.92,4.91,61835577,2.15516
1068,002149,9.98,16.64,13.68,16.64,13.68,15.13,5743528,3.28897
1069,002332,9.98,11.24,9.8,11.24,9.8,10.22,21588186,4.68438
1070,600381,9.979,16.09,14.0,16.09,14.0,14.63,13030283,6.55032
1071,600423,9.979,5.18,4.6,5.18,4.6,4.71,27607581,6.91317
1072,600456,9.979,15.76,13.3,15.76,13.3,14.33,13201377,3.06819
1073,601088,9.979,20.72,18.0,20.72,17.5,18.84,155296205,0.9417000000000001
1074,000663,9.979,10.25,8.39,10.25,8.39,9.32,16218046,9.52221
1075,000962,9.979,10.25,8.77,10.25,8.77,9.32,17612288,3.99525
1076,002544,9.979,21.27,18.31,21.27,18.31,19.34,16543165,3.2502
1077,002588,9.979,21.27,19.35,21.27,19.35,19.34,10631980,3.01872
1078,300103,9.979,15.65,13.55,15.65,13.0,14.23,10246214,12.13729
1079,600132,9.978,15.1,14.01,15.1,13.73,13.73,15952982,3.29627
1080,600234,9.978,14.77,12.09,14.77,12.09,13.43,30267098,14.95071
1081,600894,9.978,14.99,13.33,14.99,13.33,13.63,17907932,2.08245
1082,603311,9.978,19.73,16.15,19.73,16.15,17.94,7029222,13.38899
1083,603699,9.978,20.39,18.56,20.39,18.55,18.54,8769764,5.83553
1084,000563,9.978,9.81,8.92,9.81,8.92,8.92,23144132,1.9053900000000001
1085,000719,9.978,19.95,18.14,19.95,16.66,18.14,8840974,8.30092
1086,000811,9.978,10.03,8.55,10.03,8.55,9.12,22661231,5.74299
1087,000922,9.978,10.03,8.21,10.03,8.21,9.12,24921716,8.3508
1088,000952,9.978,9.81,8.03,9.81,8.03,8.92,28995553,11.52081
1089,002186,9.978,20.06,17.51,20.06,17.51,18.24,8942749,3.19065
1090,002323,9.978,20.06,16.5,20.06,16.5,18.24,3140412,3.7609
1091,002440,9.978,19.95,17.6,19.95,17.56,18.14,27695439,6.57848
1092,300374,9.978,19.95,16.34,19.95,16.34,18.14,5129126,10.53641
1093,600795,9.977,4.74,4.31,4.74,3.88,4.31,1083942756,6.0842600000000004
1094,600863,9.977,4.85,3.97,4.85,3.97,4.41,298467155,5.13912
1095,002500,9.977,14.11,12.83,14.11,12.22,12.83,80291756,3.22655
1096,600005,9.976,4.63,4.18,4.63,3.8,4.21,457217874,4.5297
1097,600199,9.976,9.04,7.4,9.04,7.4,8.22,29931437,5.38553
1098,600509,9.976,9.26,8.09,9.26,8.09,8.42,33943798,4.04721
1099,600545,9.976,9.04,7.46,9.04,7.46,8.22,43009712,6.3644
1100,600768,9.976,13.56,11.1,13.56,11.1,12.33,20444023,15.28557
1101,002053,9.976,18.3,16.48,18.3,15.7,16.64,4783775,2.57398
1102,002269,9.976,9.04,7.62,9.04,7.5,8.22,125650910,5.00103
1103,002770,9.976,13.89,11.6,13.89,11.6,12.63,21243458,31.05769
1104,600325,9.975,13.01,10.65,13.01,10.65,11.83,50004195,6.12012
1105,600809,9.975,17.42,14.26,17.42,14.26,15.84,36273910,4.18941
1106,600820,9.975,8.93,7.31,8.93,7.31,8.12,214152647,6.81126
1107,000585,9.975,4.41,3.61,4.41,3.61,4.01,51221352,8.40492
1108,000609,9.975,8.71,7.13,8.71,7.13,7.92,18125694,6.61235
1109,600107,9.974,8.6,7.04,8.6,7.04,7.82,56108472,15.58569
1110,600746,9.974,8.38,6.86,8.38,6.86,7.62,12424518,4.07815
1111,600765,9.974,17.2,14.5,17.2,14.5,15.64,31742255,4.07996
1112,600822,9.974,8.38,6.86,8.38,6.86,7.62,20441157,5.15998
1113,002058,9.974,12.46,11.34,12.46,11.34,11.33,9271341,6.4656
1114,300185,9.974,8.6,7.1,8.6,7.1,7.82,40332302,5.6814800000000005
1115,600367,9.973,8.16,6.68,8.16,6.68,7.42,23959486,8.22785
1116,600995,9.973,8.27,6.77,8.27,6.77,7.52,39560806,8.26721
1117,000032,9.973,12.13,9.93,12.13,9.93,11.03,10942242,4.69945
1118,002265,9.973,12.02,10.92,12.02,10.4,10.93,5667578,1.9474500000000001
1119,300127,9.973,12.02,10.5,12.02,10.5,10.93,7903704,3.5624000000000002
1120,601117,9.972,7.94,7.22,7.94,6.7,7.22,159736126,3.23811
1121,601899,9.972,3.97,3.69,3.97,3.38,3.61,652695696,4.12999
1122,603869,9.972,15.88,13.06,15.88,13.0,14.44,6906312,12.77527
1123,000027,9.972,7.72,7.02,7.72,7.02,7.02,71867898,4.99942
1124,000731,9.972,7.83,6.41,7.83,6.41,7.12,84192328,14.23737
1125,001896,9.972,11.69,9.57,11.69,9.57,10.63,15656689,3.64115
1126,600123,9.971,7.61,6.75,7.61,6.75,6.92,60125147,5.26306
1127,600720,9.971,7.61,6.55,7.61,6.55,6.92,30726469,3.9587700000000003
1128,600796,9.971,7.5,6.32,7.5,6.32,6.82,18341287,6.08532
1129,000616,9.971,7.61,6.64,7.61,6.64,6.92,87053539,6.0867
1130,000752,9.971,11.36,9.31,11.36,9.31,10.33,41469644,15.72307
1131,000906,9.971,11.36,9.3,11.36,9.3,10.33,19614705,5.9329600000000005
1132,002467,9.971,11.36,9.8,11.36,9.8,10.33,33359305,5.60771
1133,600382,9.97,10.92,8.94,10.92,8.94,9.93,65950721,19.29814
1134,600773,9.97,10.92,9.71,10.92,9.71,9.93,14238140,2.6384600000000002
1135,000410,9.97,14.78,12.1,14.78,12.1,13.44,119280183,16.12275
1136,000779,9.97,10.92,8.94,10.92,8.94,9.93,19576307,10.5
1137,000800,9.97,14.67,13.34,14.67,12.25,13.34,55135607,3.90547
1138,000968,9.97,7.39,6.05,7.39,6.05,6.72,31699075,6.17017
1139,002541,9.97,14.56,12.49,14.56,12.45,13.24,6265457,4.05138
1140,300211,9.97,14.67,13.2,14.67,12.4,13.34,4913639,5.38446
1141,600284,9.969,10.81,9.67,10.81,9.42,9.83,35221170,5.32815
1142,600781,9.969,14.01,11.5,14.01,11.5,12.74,17674414,9.952210000000001
1143,603100,9.969,14.34,12.0,14.34,12.0,13.04,9441590,9.44159
1144,603399,9.969,10.81,8.85,10.81,8.85,9.83,14064075,11.22809
1145,000014,9.969,14.01,11.47,14.01,11.47,12.74,33028657,16.37472
1146,002112,9.969,10.59,10.19,10.59,9.72,9.63,8141957,4.4994
1147,002401,9.969,14.23,12.5,14.23,11.88,12.94,11480831,3.86011
1148,600012,9.968,10.37,8.49,10.37,8.49,9.43,32464455,2.78521
1149,600383,9.968,13.9,12.64,13.9,11.38,12.64,106946957,2.38112
1150,600738,9.968,6.84,5.9,6.84,5.9,6.22,21838907,8.33205
1151,601226,9.968,13.68,12.44,13.68,12.44,12.44,12954987,5.75777
1152,000606,9.968,6.95,5.69,6.95,5.69,6.32,38094645,9.38376
1153,300231,9.968,13.79,11.8,13.79,11.8,12.54,21418421,8.3647
1154,600348,9.967,6.73,6.12,6.73,5.81,6.12,79819614,3.3189
1155,600664,9.967,10.15,8.88,10.15,8.86,9.23,26633098,1.38896
1156,600680,9.967,13.24,10.84,13.24,10.84,12.04,11565375,4.49271
1157,600758,9.967,10.04,8.22,10.04,8.22,9.13,20903322,18.16886
1158,000690,9.967,10.15,8.8,10.15,8.8,9.23,75510516,4.4198
1159,000703,9.967,9.93,9.1,9.93,9.03,9.03,16286001,1.41177
1160,000888,9.967,9.93,8.13,9.93,8.13,9.03,54584633,10.361180000000001
1161,002105,9.967,6.62,5.99,6.62,5.82,6.02,14829894,4.02439
1162,002350,9.967,13.46,11.79,13.46,11.78,12.24,7614904,3.48961
1163,600029,9.966,9.71,7.95,9.71,7.95,8.83,431534117,6.14489
1164,600992,9.966,9.71,7.95,9.71,7.95,8.83,26635120,10.86749
1165,000705,9.966,9.71,7.95,9.71,7.95,8.83,34146220,12.52058
1166,002108,9.966,9.71,8.0,9.71,8.0,8.83,34301230,5.93177
1167,600405,9.965,9.38,7.68,9.38,7.68,8.53,65576837,15.47015
1168,600616,9.965,9.49,8.18,9.49,8.18,8.63,25001189,5.1228
1169,601989,9.965,9.38,8.53,9.38,8.53,8.53,693991390,3.86456
1170,603099,9.965,12.58,10.5,12.58,10.5,11.44,6258146,9.38675
1171,002083,9.965,6.29,5.62,6.29,5.47,5.72,38691404,4.58473
1172,002187,9.965,12.47,10.95,12.47,10.84,11.34,11031065,3.28575
1173,600241,9.964,12.25,10.03,12.25,10.03,11.14,13019910,7.2252600000000005
1174,600997,9.964,6.18,5.62,6.18,5.62,5.62,23220493,1.88075
1175,002531,9.964,9.27,8.29,9.27,8.12,8.43,23982747,2.92038
1176,600083,9.963,8.83,7.23,8.83,7.23,8.03,12018406,5.29625
1177,002150,9.963,8.83,7.6,8.83,7.51,8.03,8357068,3.37169
1178,600463,9.962,11.59,9.49,11.59,9.49,10.54,11556639,4.58597
1179,600829,9.962,11.59,9.49,11.59,9.49,10.54,30560488,5.27006
1180,601038,9.962,8.61,7.05,8.61,7.05,7.83,24810001,16.54
1181,000680,9.962,5.74,5.2,5.74,5.2,5.22,53635585,5.61718
1182,002561,9.962,11.7,10.6,11.7,10.55,10.64,10690138,2.76734
1183,600649,9.961,11.37,10.45,11.37,10.45,10.34,88470686,2.96134
1184,601727,9.961,11.37,10.34,11.37,9.5,10.34,218124625,2.2143
1185,002726,9.961,11.37,9.8,11.37,9.8,10.34,9131947,8.36412
1186,600101,9.96,8.17,7.2,8.17,7.17,7.43,20380186,6.28671
1187,600143,9.96,8.17,7.3,8.17,7.3,7.43,92952043,3.63094
1188,600370,9.96,8.28,6.78,8.28,6.78,7.53,31729915,9.94987
1189,601519,9.96,11.04,9.04,11.04,9.04,10.04,120373229,6.05591
1190,000757,9.96,8.17,6.69,8.17,6.69,7.43,50416256,16.11759
1191,600127,9.959,7.95,6.51,7.95,6.51,7.23,80736655,14.82877
1192,600188,9.959,10.71,9.74,10.71,8.78,9.74,27540951,0.93044
1193,600219,9.959,8.06,7.33,8.06,6.6,7.33,263897319,9.30794
1194,600269,9.959,5.3,4.4,5.3,4.4,4.82,93704600,4.01235
1195,600272,9.959,10.6,8.68,10.6,8.68,9.64,9867099,6.16694
1196,002040,9.959,10.82,8.95,10.82,8.88,9.84,11320814,4.60435
1197,600213,9.958,7.84,6.8,7.84,6.8,7.13,18743263,8.51967
1198,600812,9.958,7.84,6.69,7.84,6.69,7.13,38821017,3.77424
1199,600814,9.958,10.49,8.59,10.49,8.59,9.54,26078773,8.40213
1200,600883,9.958,10.38,8.5,10.38,8.5,9.44,22326329,9.45678
1201,601616,9.958,5.19,4.41,5.19,4.41,4.72,49173116,5.26873
1202,002122,9.958,7.84,7.13,7.84,7.13,7.13,37213916,3.50643
1203,600503,9.957,10.16,8.32,10.16,8.32,9.24,207177909,18.84332
1204,600283,9.956,9.94,8.14,9.94,8.14,9.04,20085708,7.03947
1205,600322,9.956,4.97,4.07,4.97,4.07,4.52,64522660,5.83546
1206,601872,9.956,7.51,6.15,7.51,6.15,6.83,380597818,8.06194
1207,300200,9.956,9.94,8.65,9.94,8.6,9.04,11703773,5.75393
1208,600668,9.955,9.83,8.2,9.83,8.2,8.94,27362271,7.9575700000000005
1209,601788,9.955,22.09,18.08,22.1,18.08,20.09,168865332,4.94047
1210,000885,9.955,9.83,8.05,9.83,8.05,8.94,14410538,3.37642
1211,600789,9.954,9.5,7.78,9.5,7.78,8.64,67026571,11.525
1212,000514,9.954,7.18,5.88,7.18,5.88,6.53,47967013,5.68484
1213,002246,9.954,9.5,8.16,9.5,8.16,8.64,12572695,3.03918
1214,600027,9.953,7.07,6.0,7.07,5.9,6.43,244574115,4.11737
1215,600222,9.953,7.07,5.79,7.07,5.79,6.43,36614991,7.373
1216,600350,9.953,6.96,5.7,6.96,5.7,6.33,60615866,1.2599
1217,600784,9.953,9.39,7.69,9.39,7.69,8.54,91352982,18.39518
1218,601158,9.953,9.39,8.54,9.39,8.25,8.54,57868718,1.2056
1219,000401,9.953,9.28,8.44,9.28,8.44,8.44,33572413,2.49222
1220,000785,9.953,9.39,7.69,9.39,7.69,8.54,25068899,9.98388
1221,300105,9.953,9.28,8.22,9.28,8.22,8.44,25609665,4.9900400000000005
1222,600801,9.952,9.17,8.34,9.17,8.34,8.34,22994477,2.36647
1223,002430,9.952,9.17,8.34,9.17,8.34,8.34,17970316,2.22284
1224,600507,9.951,6.74,6.01,6.74,5.91,6.13,34360130,2.59108
1225,601699,9.951,6.74,6.13,6.74,5.81,6.13,88366732,2.95402
1226,000043,9.951,8.95,7.33,8.95,7.33,8.14,56780746,8.51335
1227,000420,9.951,6.74,5.52,6.74,5.52,6.13,37498480,11.78061
1228,600031,9.95,6.63,6.03,6.63,5.75,6.03,302654003,3.98559
1229,600873,9.95,6.63,6.03,6.63,5.71,6.03,186643222,6.00481
1230,600987,9.95,8.84,8.03,8.84,8.02,8.04,24670084,3.88316
1231,000419,9.949,6.41,5.78,6.41,5.66,5.83,24482474,4.50634
1232,000983,9.949,6.41,5.83,6.41,5.58,5.83,99830390,3.16804
1233,002165,9.949,6.52,5.85,6.52,5.85,5.93,27542897,5.22161
1234,601139,9.948,8.51,7.75,8.51,7.75,7.74,19961969,0.9166900000000001
1235,300082,9.948,6.3,5.22,6.3,5.22,5.73,19869576,2.94861
1236,601225,9.947,6.19,5.63,6.19,5.18,5.63,92822721,3.42519
1237,600757,9.946,8.18,7.3,8.18,7.3,7.44,40397755,3.33121
1238,600798,9.946,6.08,4.98,6.08,4.98,5.53,79900349,7.75091
1239,600838,9.946,8.07,6.61,8.07,6.61,7.34,38045844,9.49053
1240,000875,9.946,8.07,6.61,8.07,6.61,7.34,183196063,16.42177
1241,002012,9.946,8.18,6.7,8.18,6.7,7.44,69916621,14.95141
1242,002243,9.946,8.18,7.31,8.18,7.28,7.44,12739748,4.1108
1243,600743,9.944,5.86,5.25,5.86,5.25,5.33,29246392,1.60901
1244,600397,9.943,5.75,5.07,5.75,5.07,5.23,44590630,4.50429
1245,600538,9.943,7.74,6.34,7.74,6.34,7.04,44580282,15.96623
1246,601008,9.943,5.75,4.9,5.75,4.9,5.23,50455396,6.21651
1247,000692,9.943,5.75,5.35,5.75,5.35,5.23,19417781,3.64455
1248,600409,9.942,7.52,6.17,7.52,6.17,6.84,82366628,4.45132
1249,600131,9.94,7.3,5.98,7.3,5.98,6.64,37065545,9.32779
1250,600868,9.94,3.65,2.99,3.65,2.99,3.32,249665672,13.15311
1251,000739,9.94,7.3,5.98,7.3,5.98,6.64,47493948,6.29942
1252,000883,9.94,5.53,5.1,5.53,5.1,5.03,135866805,2.54143
1253,600336,9.938,5.31,4.4,5.31,4.4,4.83,40645681,5.97667
1254,300179,9.938,7.08,6.19,7.08,6.18,6.44,21981784,7.36148
1255,600035,9.937,5.2,4.26,5.2,4.26,4.73,56775616,3.90646
1256,600207,9.937,5.2,4.5,5.2,4.5,4.73,21872634,4.97105
1257,600495,9.936,6.86,5.68,6.86,5.68,6.24,43378884,7.077
1258,000830,9.936,6.86,6.09,6.86,6.0,6.24,83464565,5.70121
1259,600190,9.935,5.09,4.5,5.09,4.5,4.63,30914689,2.30882
1260,002600,9.935,6.75,5.53,6.75,5.53,6.14,34163227,8.81218
1261,600586,9.934,4.98,4.34,4.98,4.34,4.53,47862886,3.36421
1262,601168,9.934,6.64,6.04,6.64,5.71,6.04,132791093,5.57243
1263,600159,9.932,4.87,3.99,4.87,3.99,4.43,43508831,5.24201
1264,600368,9.932,4.87,4.21,4.87,4.21,4.43,32160360,3.85708
1265,601991,9.932,6.42,5.84,6.42,5.6,5.84,146044810,1.46127
1266,600527,9.93,6.31,5.17,6.31,5.17,5.74,105224526,13.1188
1267,600657,9.929,6.2,5.7,6.2,5.66,5.64,30581218,2.0063
1268,600819,9.928,6.09,5.3,6.09,5.3,5.54,33355665,4.9601500000000005
1269,600470,9.925,5.87,4.81,5.87,4.81,5.34,38563884,7.39338
1270,002497,9.925,5.87,5.18,5.87,5.18,5.34,37253536,5.17589
1271,000949,9.922,5.65,4.63,5.65,4.63,5.14,62490673,7.5424500000000005
1272,600246,9.916,5.21,4.27,5.21,4.27,4.74,87198664,7.16623
1273,600020,9.914,5.1,4.21,5.1,4.21,4.64,82995744,3.69301
1274,300111,9.914,5.1,4.54,5.1,4.48,4.64,92807653,8.34217
1275,601009,9.911,17.3,15.74,17.31,14.33,15.74,190307996,6.40998
1276,601333,9.91,4.88,4.0,4.88,4.0,4.44,328104992,5.80487
1277,600282,9.887,3.89,3.19,3.89,3.19,3.54,254135656,6.55707
1278,600104,9.743,25.23,22.99,25.28,22.01,22.99,170959115,1.55057
1279,000002,9.729,14.55,13.26,14.59,12.81,13.26,607045140,6.2471
1280,002142,9.306,19.85,18.16,19.93,17.12,18.16,104966048,3.65415
1281,600587,9.268,41.97,34.57,42.25,34.57,38.41,49165880,13.51826
1282,000728,9.011,23.71,20.84,23.93,19.58,21.75,115597060,5.8855
1283,600519,8.9,257.94,236.86,260.41,233.0,236.86,13820334,1.21019
1284,600113,8.789,17.7,14.64,17.89,14.64,16.27,93096546,29.22051
1285,601169,8.589,12.39,11.41,12.51,10.75,11.41,444650852,4.21063
1286,000001,8.112,14.26,13.19,14.44,12.11,13.19,434435542,3.68039
1287,600333,7.519,12.87,10.77,13.16,10.77,11.97,125295731,25.26023
1288,601336,6.331,53.58,50.3,55.17,45.35,50.39,86647644,4.15489
1289,600000,6.27,16.95,15.95,17.4,15.38,15.95,545237273,3.65373
1290,600028,6.25,7.14,6.4,7.27,6.05,6.72,1353330454,1.4162400000000002
1291,000594,5.405,1.17,1.0,1.22,1.0,1.11,130310881,8.72361
1292,601857,5.233,12.87,11.48,13.17,11.02,12.23,437065431,0.26992000000000005
1293,601601,5.182,30.04,28.56,31.19,27.01,28.56,166490132,2.6482900000000003
1294,601288,5.089,4.13,3.93,4.22,3.79,3.93,3028478700,1.0299
1295,000927,5.063,7.47,6.75,7.47,6.75,7.11,67705681,4.24442
1296,000059,5.02,7.95,7.19,7.95,7.19,7.57,98430951,8.19915
1297,002192,5.009,23.69,21.43,23.69,21.43,22.56,8545528,7.4684800000000005
1298,000590,5.008,18.87,17.07,18.87,17.07,17.97,22543685,10.09858
1299,600182,5.003,20.57,18.61,20.57,18.61,19.59,28947715,17.02807
1300,600733,4.993,53.83,48.71,53.83,48.71,51.27,12380401,16.37619
1301,000510,4.992,6.31,5.71,6.31,5.71,6.01,62893786,10.32531
1302,000611,4.98,8.01,7.25,8.01,7.25,7.63,60295950,18.89774
1303,002608,4.958,9.95,9.01,9.95,9.01,9.48,14352275,4.36835
1304,600015,4.751,13.23,12.63,13.66,11.65,12.63,306128420,3.93217
1305,000659,4.589,4.33,3.93,4.35,3.93,4.14,190548065,14.82054
1306,000815,4.553,18.14,16.48,18.22,16.48,17.35,35340341,11.15612
1307,601328,4.494,8.37,8.01,8.7,7.5,8.01,1353413447,4.13773
1308,000155,4.348,9.6,8.74,9.66,8.74,9.2,48982351,10.42178
1309,601818,4.197,5.71,5.48,5.91,5.15,5.48,1097003937,2.75557
1310,601998,4.149,9.79,9.4,10.25,8.68,9.4,380264890,1.19186
1311,000976,3.926,9.0,8.23,9.09,8.23,8.66,61204480,10.4345
1312,600016,3.925,10.59,10.19,10.98,9.69,10.19,1052869573,3.5628
1313,601318,3.796,80.4,77.46,83.8,72.02,77.46,346342033,6.39919
1314,601628,3.79,35.6,34.3,36.9,32.3,34.3,161493182,0.77553
1315,600676,3.5,16.56,14.4,17.5,14.4,16.0,177989592,20.63949
1316,600036,3.205,19.0,17.5,19.95,16.85,18.41,588626898,2.8534
1317,601939,2.924,7.04,6.84,7.43,6.36,6.84,875889325,9.12988
1318,601398,2.011,5.58,5.47,5.88,5.1,5.47,2008218225,0.74485
1319,601988,0.179,5.6,5.59,5.96,5.08,5.59,3323468180,1.57686
